© Der Bundeswahlleiter, Wiesbaden 2016;;;;;;;;;;;;;;;;;;;;;;;;;;;;;;;;;;;;;;;
;;;;;;;;;;;;;;;;;;;;;;;;;;;;;;;;;;;;;;;
Strukturdaten für die Wahlkreise zum 15. Deutschen Bundestag;;;;;;;;;;;;;;;;;;;;;;;;;;;;;;;;;;;;;;;
Wkr-Nr;Land;Wahlkreisnamen;Bemerkungen;Gemeinden am 30.12.2001;Fläche am 31.12.1999 (in km2);Bevölkerung am 31.12.1999 (in 1000);;;Bevölkerungsdichte am 31.12.1999 (Einwohner je km2);Bevölkerung im Alter von ... bis unter ... Jahren am 31.12.1999 (in %);;;;;;Bevölkerungsbewegung 1999 (je 1000 Einwohner);;;;;Landwirtschaft 1999;;Bergbau- und verarb. Gewerbe am 30.09.1999;;Bautätigkeit und Wohnungswesen (je 1000 Einwohner);;Kfz-Bestand am 31.07.2000 (je 1000 Einwohner);Schulabgänger nach Abschlussarten 1999;;;;;Arbeitslosenquote Ende Dezember;;Sozialversicherungspflichtig Beschäftigte am 31.12.2000;;;;
;;;;;;insgesamt;männlich;Deutsche;;unter 15;15 - 18;18 - 25;25 - 35;35 - 60;60 und mehr;Lebendgeborene;Gestorbene;Zuzüge;Fortzüge;Zu- bzw. Abnahme (-);Betriebe (je 1000 Einwohner);landwirtschaftlich genutzte Fläche (LF) (ha je Betrieb);Betriebe (je 1000 Einwohner);Beschäftigte (je 1000 Einwohner);Fertiggestellte Wohnungen 1999;Bestand an Wohnungen am 31.12.1999;;insgesamt (je 1000 Einwohner);ohne Hauptschulabschluss (in %);mit Hauptschulabschluss (in %);mit Realschulabschluss (in %);mit allgemeiner Hochschulreife (in %);2000;2001;insgesamt (je 1000 Einwohner);"Land- und Forstwirtschaft; Fischerei (in %)";Produzierendes Gewerbe (in %);"Handel u. Verkehr; Nachrichtenübermittlung (in %)";übrige Dienstleistungen (in %)
1;SH;Flensburg - Schleswig;;137;2128,1;280,9;138,6;267;132;17,1;3,2;7,9;15;33,6;23,3;10,4;10,7;55,9;50;5,5;10,5;51;0,4;47,6;6,6;459,2;640;11;9,9;38;29,4;20,8;10,1;10,5;289,9;1,9;27,7;24,6;45,8
2;SH;Nordfriesland - Dithmarschen-Nord;;202;2743,8;232,4;113,9;223,3;85;17,3;3,2;7,5;14,9;33,1;24;10,8;10,4;41,8;36,8;5,5;18,5;49;0,4;21,1;9,9;510,7;705,4;11,3;8,9;41,1;34,7;14,4;10,9;10,9;274,8;2,1;21,9;26,1;49,9
3;SH;Steinburg - Dithmarschen-Süd;;181;2001,3;227;111,9;217,9;113;17,4;3,2;7;14,3;34;24,1;10,4;11,5;36,3;31,6;3,7;13,4;48,5;0,5;51,8;6,8;456;677,2;11,1;11,7;38,8;31,7;16;10,2;10,7;249,3;2,2;36,9;18,9;42,1
4;SH;Rendsburg-Eckernförde;;164;2161,2;245,8;121,8;237,3;114;17,2;3,2;7,1;14,5;35,4;22,6;10,5;10;49,4;40,6;9,2;10,8;50,3;0,4;28,1;7,1;432,5;680,1;9,2;10,5;35,1;33,8;19;8,5;8,6;251,8;2,8;28,7;22,7;45,8
5;SH;Kiel;;3;142,8;256,2;124,1;233,3;1795;13,1;2,4;8,7;18,9;34,4;22,6;9,6;11,2;55,7;69,2;-15,2;0,3;26,1;0,4;64,7;2,6;550,8;508,6;9,4;10,3;28;29,1;29,9;11,6;12,5;425,5;0,2;21,4;20,7;57,7
6;SH;Plön - Neumünster;;93;1301,4;223,8;111,1;213,7;172;16,1;3;7,1;15,4;34,5;23,8;9,3;11,3;51,2;46,6;2,6;5,8;57,5;0,5;41,1;6,4;465,4;622,1;10,3;10,4;36,4;27,7;23,5;10;10,7;256,3;2;28,8;25,8;43,4
7;SH;Pinneberg;;49;664,3;289,6;141,8;269,1;436;15,8;2,8;6,6;14,8;36,8;23,1;9,3;10,2;47,4;41,5;5;4,8;27,4;0,6;55,9;6,5;461,1;636,9;9,9;8,7;30,5;33;26,2;8,3;8,6;272,6;2,9;31,8;30;35,3
8;SH;Segeberg - Stormarn-Nord;;95;1333,4;287,3;140,9;272,4;215;16,9;3,1;7;15;37,1;20,9;10;9,6;52,9;41,9;11,4;7,2;45,3;0,8;63,7;10;429,7;725,2;9,6;10;34,6;35,3;18,8;7,2;7,5;300,6;1,5;35;29,2;34,3
9;SH;Ostholstein;;52;1532,2;219,5;106,2;211,1;143;15;3;6,8;13,7;35,1;26,4;8,5;11,5;47,7;38,6;6,1;6,9;67,9;0,4;27,8;6,9;507,1;650,4;9,8;10,9;35,7;35,8;16,3;11,6;11,3;241,5;2,1;27,6;22,2;48,1
10;SH;Herzogtum Lauenburg - Stormarn-Süd;;126;1349,7;284,6;137,6;270,4;211;16,4;3;6,5;14,1;36,7;23,4;9,8;10,8;54,4;44,7;8,7;5,5;55;0,7;70;7;438,4;686,2;9,3;10,6;33;31,8;23,5;7,3;7,6;290;1,4;38,7;24,4;35,5
11;SH;Lübeck;;28;406,5;230,3;109,5;210,3;567;14;2,7;7,7;15,6;33,6;26,6;9,4;12,5;59;59,1;-3,2;0,7;41,3;0,5;65,3;3;522,3;514,2;9,1;12;33,1;29;24;13,3;13,8;361,1;0,6;26,7;25,5;47,2
;SH;Land insgesamt;;1130;15764,5;2777,3;1357,4;2625,7;176;16,1;3;7,2;15;35,1;23,6;9,8;10,8;50,4;45,4;4;7,5;49,9;0,5;50,9;6,6;470,5;643,9;10;10,4;34,9;31,9;21,2;9,6;9,9;293,1;1,7;29,4;24,6;44,3
12;MV;Wismar - Nordwestmecklenburg - Parchim;;198;4349,4;278,2;138,5;273,3;64;15,2;4,8;9,1;13,1;36,7;21,2;7,1;9,6;53,7;50,1;1,1;3,4;286,6;0,4;27,3;6,7;445,1;600,5;15,1;11,4;23,6;46,4;17,7;17,4;16,9;266,4;6;33,5;16,3;44,2
13;MV;Schwerin - Ludwigslust;;116;2647,1;234,9;115;229,8;89;14,5;4,6;9,4;13,3;36,7;21,5;7,3;10;54,1;56,7;-5,2;3;195,7;0,5;36,2;5,7;484,8;567,1;16,9;10,9;20,1;44;24;14,8;13,5;388,6;2,7;26,3;20,1;51
14;MV;Rostock;;1;180,7;203,3;99,6;198;1125;12,6;3,9;9,7;14;36,9;22,9;7,3;9,3;38,3;56,6;-20,4;0,1;84,2;0,3;32,5;7,5;539,6;462,1;15,2;10,2;14,7;38,7;34,5;16;17,1;406,2;0,6;18,6;21,5;59,3
15;MV;Stralsund - Nordvorpommern - Rügen;;119;3180,8;257,1;126,5;253,8;81;14,2;4,8;9,2;12,3;36,9;22,7;6,5;10,4;36,2;37,3;-5;2,7;292,4;0,3;19,9;10,1;477;559,9;15,8;9,7;23,2;46;19,3;22,5;22,6;298;3,6;22,9;19,5;54
16;MV;Greifswald - Demmin - Ostvorpommern;;195;3881,6;266,2;131,3;261,3;69;14,6;4,7;9,8;12,6;36,1;22,1;7;10,4;35,8;40,5;-8,1;3,4;286,2;0,3;23,4;8;469,5;568,1;16,4;10,8;21,6;47,5;18,9;23;22,8;296,5;5,5;25,7;17,9;51
17;MV;Bad Doberan - Güstrow - Müritz;;232;5132,8;300,3;149,1;296,3;59;15,4;5;9,3;12,6;37,2;20,4;7,1;9,4;40,6;32,5;5,8;4,2;245,9;0,4;23,9;12,8;443,5;610,4;15;10,4;22,4;47,3;18,7;18,9;20,4;300,7;5,3;28,3;22;44,4
18;MV;Neubrandenburg - Mecklenburg-Strelitz -Uecker-Randow;;128;3799,1;249,4;123,6;245,1;66;14,5;4,9;10;12,5;37,2;21,1;7,2;9,2;32,1;40,4;-10,3;2,6;279;0,3;22,7;6,1;459,3;580,4;16,5;10,2;20,3;44,3;24;22,5;22,9;335,2;4,8;22,9;19,8;52,4
;MV;Land insgesamt;;989;23171,5;1789,3;883,6;1757,7;77;14,5;4,7;9,5;12,9;36,8;21,6;7;9,8;41,6;44,1;-5,2;2,9;263,2;0,4;26,2;8,3;471;568,6;15,8;10,5;21,1;45,2;21,9;19,4;19,6;322,7;4;25,4;19,7;50,9
19;HH;Hamburg-Mitte;Erläuterungen siehe Vorbemerkungen;1;119,7;363,7;181,9;284,9;3038;13,5;2,6;7,8;17,5;35,2;23,4;9,4;10,9;46,1;41,9;2,7;0,7;10,8;0,3;58,2;3,6;500,3;530,2;8,9;11,7;23,6;30,6;32,4;9,3;9,6;455,3;0,3;20,7;27,4;51,6
20;HH;Hamburg-Altona;Erläuterungen siehe Vorbemerkungen;1;78,3;239,6;116,1;198,6;3058;13,5;2,6;7,8;17,5;35,2;23,4;9,4;10,9;46,1;41,9;2,7;0,7;10,8;0,3;58,2;3,6;500,3;530,2;8,9;11,7;23,6;30,6;32,4;9,3;9,6;455,3;0,3;20,7;27,4;51,6
21;HH;Hamburg-Eimsbüttel;Erläuterungen siehe Vorbemerkungen;1;49,8;244,1;115,2;209,5;4897;13,5;2,6;7,8;17,5;35,2;23,4;9,4;10,9;46,1;41,9;2,7;0,7;10,8;0,3;58,2;3,6;500,3;530,2;8,9;11,7;23,6;30,6;32,4;9,3;9,6;455,3;0,3;20,7;27,4;51,6
22;HH;Hamburg-Nord;Erläuterungen siehe Vorbemerkungen;1;114,9;262,6;122,8;237,1;2286;13,5;2,6;7,8;17,5;35,2;23,4;9,4;10,9;46,1;41,9;2,7;0,7;10,8;0,3;58,2;3,6;500,3;530,2;8,9;11,7;23,6;30,6;32,4;9,3;9,6;455,3;0,3;20,7;27,4;51,6
23;HH;Hamburg-Wandsbek;Erläuterungen siehe Vorbemerkungen;1;77,2;286,5;137,3;251,3;3711;13,5;2,6;7,8;17,5;35,2;23,4;9,4;10,9;46,1;41,9;2,7;0,7;10,8;0,3;58,2;3,6;500,3;530,2;8,9;11,7;23,6;30,6;32,4;9,3;9,6;455,3;0,3;20,7;27,4;51,6
24;HH;Hamburg-Bergedorf - Harburg;Erläuterungen siehe Vorbemerkungen;1;315,4;308,3;151,5;261,5;978;13,5;2,6;7,8;17,5;35,2;23,4;9,4;10,9;46,1;41,9;2,7;0,7;10,8;0,3;58,2;3,6;500,3;530,2;8,9;11,7;23,6;30,6;32,4;9,3;9,6;455,3;0,3;20,7;27,4;51,6
;HH;Land insgesamt;;1;755,3;1704,7;824,7;1442,9;2257;13,5;2,6;7,8;17,5;35,2;23,4;9,4;10,9;46,1;41,9;2,7;0,7;10,8;0,3;58,2;3,6;500,3;530,2;8,9;11,7;23,6;30,6;32,4;9,3;9,6;455,3;0,3;20,7;27,4;51,6
25;NI;Aurich - Emden;;26;1399,7;237,2;116,1;227,5;169;18;3,4;7,8;14,8;33,4;22,7;11;10,2;36,3;32,1;5;10,4;36,4;0,4;76,2;10,2;452,2;608,3;11,7;9,8;22,6;46,3;18,8;14,2;13,5;288,9;1,3;37,7;20,9;40,1
26;NI;Unterems;;56;2596,5;296;146,8;282,4;114;18,8;3,5;7,7;14,8;33,2;21,9;11,4;9,8;36;27,4;10,2;13,4;32,6;0,4;29,3;7,4;406,3;635,7;11,5;12,6;30,9;41,6;12,7;12,7;12,4;241,2;1,6;40,2;23,6;34,6
27;NI;Friesland - Wilhelmshaven;;28;1366,8;244,1;119,9;233;179;16,4;3;7,4;14,1;34,4;24,6;9,7;11,3;45,9;44,4;0;9,5;40,3;0,4;36,3;7,4;499,5;629,7;10,8;12,2;25,4;40;19,7;13,8;13,3;261,2;0,9;26,8;19,5;52,7
28;NI;Oldenburg - Ammerland;;7;831,2;263,6;127,4;248,7;317;16;3;7,6;16,4;35,1;21,9;10,4;9,8;69,2;65,1;4,7;6,4;29,1;0,5;50,6;5,6;475;642,6;10,8;8,2;19,5;40,6;29,6;10,8;11,1;372,1;2;24,6;25,3;48,1
29;NI;Delmenhorst - Wesermarsch - Oldenburg-Land;;25;1947,2;290,3;143,4;272,5;149;17,6;3,2;6,9;14,5;35,7;22,2;10,8;9,8;44,5;40,8;4,7;10,5;42,8;0,5;64;7;434,5;655,1;10;8,5;23,8;49,6;15,9;10,2;10,4;243,5;1,7;38,5;22;37,8
30;NI;Cuxhaven - Osterholz;;46;2015,8;264,6;130,2;249,9;131;16,9;3,1;6,6;13,6;35,9;23,9;10,2;11,4;45,9;34,9;9,8;14,4;40,2;0,4;29,1;9,4;435,1;691,3;10,2;11,5;25;45,1;17,3;9,8;9,5;200;2,3;30,7;23,7;43,2
31;NI;Stade - Cuxhaven;;63;1973,3;239,5;118,7;228,1;121;17,9;3,4;7,4;14,5;35,9;20,9;10,6;9,5;43,6;36,9;7,8;11,6;37,5;0,4;50,7;9,7;435,1;686,2;11,7;10,2;25,1;47,8;15,1;7,7;7,4;244,9;2;35,4;26,3;36,3
32;NI;Mittelems;;49;2350,9;294,4;145,8;277,8;125;20,1;4;8,5;15,2;32;20,3;12,1;8,4;29,1;25,7;7,1;17,4;30,3;0,7;75,1;8,5;364,7;652,5;13,9;10,1;25,3;44,1;19,5;8,8;9;304;1,6;41,8;18,4;38,1
33;NI;Cloppenburg - Vechta;;23;2231,1;272,5;136,2;258,5;122;21,3;4,1;8,9;15,8;31,5;18,4;13,4;7,7;37,2;29,9;13;19;31,5;0,9;90,3;8,9;333,8;659,3;13,7;8,1;27,5;43;19,6;8,4;7,9;310,1;3,5;49,8;18,3;28,4
34;NI;Diepholz - Nienburg I;;61;2486,8;241,8;119,9;229,6;97;17;3,2;6,7;14,5;35,4;23,1;10,2;10,6;47,8;38,9;8,5;16;38,6;0,7;45,4;8,9;398;725,3;10,2;10,8;21,4;47;19,1;6,9;7,2;255,2;1,7;36,6;28,8;32,9
35;NI;Rotenburg - Verden;;69;2857,6;292,3;145;276,1;102;18,1;3,4;7,3;14,8;35,1;21,3;10,8;10,2;43,8;34,1;10,3;14,2;42,7;0,5;54,8;11,3;409,9;736,8;10,8;11;23,3;45,3;19,2;7;6,9;288,2;2,2;36,4;24,4;37
36;NI;Soltau-Fallingbostel - Winsen L.;;48;2496,8;315,8;154,9;299,3;126;16,9;3;6,8;14,4;36,3;22,5;10,1;9,5;50;38,3;12,2;7,8;43,7;0,4;34,1;9,1;436,4;713,2;9,8;7,7;27,8;44,6;18,2;8,1;8;238;1,9;30,1;28,8;39,2
37;NI;Lüchow-Dannenberg - Lüneburg;;88;3163,4;269,8;132,7;256,9;85;16,4;3,1;7,4;15,2;34,5;23,5;10,3;11;46,8;37,3;8,9;8,9;64,8;0,6;58,2;8,8;447,8;650,3;10,5;8,2;19,6;46,6;23,7;12,4;12,3;255,8;2,3;31,5;20,7;45,5
38;NI;Osnabrück-Land;;29;1916;257,8;128,6;244,4;135;19,4;3,8;8,1;15;33,3;20,4;11,6;8,9;116,3;110,8;8,2;12,9;27,1;0,7;89,6;7,5;378;670,3;10,6;6,8;23,6;54,3;13,2;6,7;7,1;278,7;2,1;48;19;30,9
39;NI;Stadt Osnabrück;;6;325,3;259,8;124,7;241;798;13,4;2,8;9,6;17,4;32,9;23,8;9,7;9,6;62,2;66,8;-4,5;1;25,1;0,6;103,7;2,5;497,9;547,2;13,6;7,3;15,8;39,5;31,4;10,1;10,3;415,6;0,5;32,4;27,4;39,7
40;NI;Nienburg II - Schaumburg;;60;1575;259,4;126,6;242;165;16,8;3,2;7;14,1;34,1;24,8;9,9;11,6;40,4;34,7;4;10,4;39,8;0,6;65,5;4,3;418,5;853,6;10,4;10,2;23,2;43,8;20,8;8,8;9;254,3;1,1;39,8;19,9;39,2
41;NI;Stadt Hannover I;Erläuterungen siehe Vorbemerkungen;1;112,7;250,5;118,7;215,1;2222;12,7;2,4;8,2;17,8;34,2;24,6;9,5;10,8;59,6;61,1;-2,8;0,1;38,5;0,4;97,7;8;547,2;474,8;9,4;10,2;14,1;40;32,2;13,3;10,6;561,3;0,2;23,3;19,7;56,8
42;NI;Stadt Hannover II;Erläuterungen siehe Vorbemerkungen;1;91,3;264,2;126,3;222;2893;12,7;2,4;8,2;17,8;34,2;24,6;9,5;10,8;59,6;61,1;-2,8;0,1;38,5;0,4;97,7;8;547,2;474,8;9,4;10,2;14,1;40;32,2;13,3;10,6;561,3;0,2;23,3;19,7;56,8
43;NI;Hannover-Land I;Erläuterungen siehe Vorbemerkungen;8;1131,5;298,3;145,4;276,4;264;16;3,1;7;13,9;36,5;23,6;9,5;10;47,7;41;6,2;3,8;50;0,5;40,2;5,5;450,4;649,2;10,2;8,1;18,6;46,4;25;8,2;10,6;294,6;1,2;31,4;33,5;33,9
44;NI;Celle - Uelzen;;54;2998,7;278,7;135,1;263;93;16,8;3,2;7,4;13,7;33,8;25,1;9,9;11,7;36,6;32,1;2,7;7,7;60,2;0,5;43,4;7,2;446,8;655,7;11,1;10,1;26,7;43,7;17,5;11,5;11;260,2;2,2;29,9;22,1;45,8
45;NI;Gifhorn - Peine;;36;1823,8;277,6;137,4;259,6;152;18,3;3,5;7,1;14,4;35,4;21,4;11;9,7;42,4;32,1;11,6;7,1;52;0,4;50,7;9,3;418;673,6;9,7;8,6;23,2;51,1;15,7;10;10;218,4;0,9;40,2;20,4;38,5
46;NI;Hameln-Pyrmont - Holzminden;;42;1621,9;265;127,3;244,1;163;15,6;3,1;6,9;13,2;33,7;27,4;9,4;13,2;35,2;34,8;-3,4;5,4;50,9;0,6;82,2;5,7;469,9;653,7;9,9;11,2;24,4;46,7;17,1;12,1;12,2;291,6;1;39,5;17,1;42,4
47;NI;Hannover-Land II;Erläuterungen siehe Vorbemerkungen;12;954,6;301,2;146,6;282;316;16;3,1;7;13,9;36,5;23,6;9,5;10;47,7;41;6,2;3,8;50;0,5;40,2;5,5;450,4;649,2;10,2;8,1;18,6;46,4;25;8,2;10,6;224,2;1;31,8;28,4;38,8
48;NI;Hildesheim;;40;1205,4;292,5;141,1;275,2;243;15,7;3,1;7,2;14,4;34,5;25;9,2;11,7;29,8;28,5;-1,1;4,5;51,4;0,6;76,3;4,1;453,6;615,1;10,7;8,3;14,3;46;28,7;9,5;9,7;297,4;0,8;39,6;20,7;38,9
49;NI;Salzgitter - Wolfenbüttel;;44;1235,1;289,1;140,5;267,2;234;16,1;3,1;7;13,8;35,3;24,6;9,7;11,5;40,6;39,1;-0,3;3,2;80,7;0,4;126;6,3;460,5;612,7;9,4;9,9;21,4;49,7;18;12;11,2;287,9;0,8;50;15,6;33,7
50;NI;Braunschweig;;1;192,1;246,3;119,4;223,9;1282;13;2,5;8;16,7;34,2;25,6;8,9;11,8;61,3;62,1;-3,7;0,7;41,6;0,5;85,2;1,7;537,5;582,1;11,7;7,2;19,4;35,3;34,3;11,5;11,6;447;0,3;28,2;21,5;50,1
51;NI;Helmstedt - Wolfsburg;;40;1151,1;246,4;120,8;225,8;214;15,1;3,2;7,4;13,2;35;26,1;7,9;11,3;41,3;39,3;-1,3;3,2;70,1;0,3;249,8;4,4;471,7;676,2;11,6;7,6;17,3;47,5;25,4;11,2;10,2;454,3;0,6;61;11,8;26,6
52;NI;Goslar - Northeim - Osterode;;32;2299,1;287,7;139,2;268,2;125;14,8;3;7;13,3;33,9;28;8,9;13,1;34,3;34,5;-4,5;5,8;43,7;0,8;85,8;4;485,7;655,2;10,1;10,4;21,7;44,3;22,3;12,8;12,8;307,8;1,9;40,4;17,8;39,9
53;NI;Göttingen;;32;1263,7;302,3;147,2;280,7;239;15,3;3;9,4;17,2;34;21,2;9,5;9,4;177,2;179,1;-1,9;5;43,2;0,6;68,3;5,3;451,3;581,5;10,9;9;16,8;41,6;31,2;12;12,1;338,8;0,8;30,4;18,4;50,5
;NI;Land insgesamt;;1026;47614,3;7898,8;3861,6;7371;166;16,6;3,2;7,5;14,8;34,5;23,3;10,2;10,5;52;47,6;4,2;8,3;40,5;0,5;71;7;445,7;649,1;10,8;9,3;22;44,8;21,8;10,2;10,2;307,9;1,3;35,7;21,6;41,5
54;HB;Bremen I;Erläuterungen siehe Vorbemerkungen;1;153,8;335,2;160;293,7;2180;13,7;2,7;7,5;15,7;35,3;25,1;9,1;11,4;42,2;45,3;-5,5;0,4;35,8;0,5;107,4;3,3;517,5;506,9;10,1;8,2;19,5;40,2;31,8;12,6;12,3;448,8;0,3;29,9;26,5;43,2
55;HB;Bremen II - Bremerhaven;Erläuterungen siehe Vorbemerkungen;2;250,5;327,9;159,5;290,2;1309;15,1;3,3;8;13,9;34,4;25,3;9,7;12,2;40,2;53,6;-15,9;0,2;13,5;0,7;58,6;4;530,4;468,4;12,9;10,1;22,9;41,7;25,1;16,8;17,6;371,2;0,6;26,3;28,1;45
;HB;Land insgesamt;;2;404,2;663,1;319,4;583,9;1640;14;2,8;7,6;15,4;35,1;25,1;9,2;11,6;41,8;46,8;-7,4;0,4;33,9;0,5;98,4;3,5;519,9;499,8;10,6;8,6;20,3;40,6;30,3;13,4;13,3;434,4;0,3;29,9;26,5;43,2
56;BB;Prignitz - Ostprignitz-Ruppin - Havelland I;;187;5081,8;223,6;109,8;220,1;44;14,4;4,7;8,7;12,4;36,7;23,2;7,1;10,9;65,9;71,8;-9,7;6;211;0,5;31,6;6,6;465,2;620,6;15,3;10,6;18,8;45,5;25,1;20,4;21,3;289,6;7,3;29,8;18,5;44,4
57;BB;Uckermark - Barnim I;;109;3908,4;231;114,2;226,2;59;14,6;4,7;9,1;12,4;37,2;21,9;6,6;9,4;21,4;29,2;-10,6;4;293,3;0,4;33,9;4,6;467,2;581,5;15,8;11,8;21;38,1;29,1;24,4;25,1;284,3;5,2;28,2;18,4;48,1
58;BB;Oberhavel - Havelland II;;92;2482,2;271,3;134;267,1;109;14,9;4,2;8;13,1;38,2;21,6;7,4;9,6;60,4;31,3;27;2,7;181,4;0,4;39,4;14,3;456,9;615,8;12,8;9,1;21,9;48,4;20,6;17,5;18,5;264,8;3,4;34,1;23,2;39,3
59;BB;Märkisch-Oderland - Barnim II;;125;2771,7;277,6;138,3;271,2;100;14,3;4,8;8,9;12,4;38,2;21,4;6,5;9,3;57,1;32,9;21,4;2,4;209;0,4;21,9;13,6;453,8;628;13,8;10,9;20,1;45,5;23,5;17,8;18,8;263,6;4,9;28;24,3;42,8
60;BB;Brandenburg a.d. Havel - Potsdam-Mittelmark I - Havelland III - Teltow-Fläming I;Erläuterungen siehe Vorbemerkungen;143;3390,6;253,8;125,3;247,9;75;12,5;3,9;8,6;12,4;37,4;25,2;6;10,8;28,4;43,5;-19,9;1,9;147,8;0,4;51,3;11,1;559,6;507,6;14,1;10,5;15,5;38,8;35,2;22;21,9;280;3,5;32,3;20;44,2
61;BB;Potsdam - Potsdam-Mittelmark II - Teltow-Fläming II;Erläuterungen siehe Vorbemerkungen;38;799,3;289,8;142;279,9;363;14,1;4,2;8,9;13,8;37,5;21,4;7,5;9,3;65,8;49,2;14,8;1,9;147,8;0,4;20,5;11,7;470,7;597,5;13,5;5,7;17,5;41;35,8;12,8;13,1;422;1,3;19,9;22;56,8
62;BB;Dahme-Spreewald - Teltow-Fläming III - Oberspreewald-Lausitz I;;157;3873,7;256,9;127;251,5;66;14,3;4,4;8,3;13,3;37,4;22,4;7,1;9,8;52,8;34,7;15,5;2,5;210,2;0,6;41,5;11,2;449,4;644,6;14,2;8,6;19,2;44,4;27,7;15,2;14,9;296,4;4,6;29,2;27,1;39,1
63;BB;Frankfurt (Oder) - Oder-Spree;;77;2390;270,6;133,4;262;113;13,7;4,7;9,7;12,9;37,4;21,7;6,6;9,9;46,7;49,8;-6,5;1,8;178,4;0,4;33,9;9,5;470,7;589,2;15,3;8,5;18,1;44,6;28,8;17,4;18,1;327,1;2,6;29,4;18;50
64;BB;Cottbus - Spree-Neiße;;64;1812;266,1;130,4;259;147;13,6;4,7;9,5;13,3;37,1;21,8;7;10,5;48,6;62,1;-16,9;1,7;121,9;0,4;48,6;7,9;493,3;588,8;16,2;6,3;16,7;46,6;30,4;19;19,5;358,5;1,8;29,5;19,8;48,8
65;BB;Elbe-Elster - Oberspreewald-Lausitz II;;100;2967,2;260,5;128;255,2;88;13,5;4,4;8,9;12,9;36,1;24,2;6,3;11,4;19,1;28,5;-14,6;3;155,9;0,6;46;3,6;464,2;609,2;16,1;7,2;16,9;47,5;28,5;22,1;22,9;272,6;4,6;37,2;18,6;39,7
;BB;Land insgesamt;;1092;29476,8;2601,2;1282,3;2540;88;14,1;4,5;8,8;13;37,4;22,2;6,9;10;49,8;42,5;4,2;2,7;192,3;0,4;35,3;9,9;467,7;607,4;14,6;8,6;18,7;44,7;27,9;18,1;18,6;307,5;3,6;29,1;21;46,2
66;ST;Altmark;;258;4715,2;244,4;120,4;241,1;52;15,3;4,7;8,6;13,1;35,9;22,5;7,5;10,5;23,8;27,9;-7,2;5,3;212,4;0,4;26,8;5;466,9;609,6;15,5;12,5;14,2;49,3;22,4;20,2;19,7;273,9;5,6;29,3;19;46,1
67;ST;Elbe-Havel-Gebiet;;225;4055,7;298,1;146,4;294,3;74;14,2;4,4;8,6;13,2;36,9;22,7;6,9;11,1;33,8;29,8;-0,1;3,3;217,5;0,6;44,8;6,2;454,5;630,9;14,2;12,2;13,6;51,1;22,3;18,2;17,3;276,4;4,3;39,7;21,1;34,8
68;ST;Harz;;97;2003,1;256,7;124,3;253,5;128;13,4;4,1;8,3;12,7;36,6;24,8;6,8;11,5;25,8;28,8;-7,6;1,6;226,2;0,6;41,1;4,8;475,3;558,8;14,7;11,7;11,1;51,9;24,3;20,8;19,6;289,7;3,5;30,7;19,6;46,3
69;ST;Magdeburg;;1;200,9;236,3;113,5;229,7;1176;12,4;3,8;8,3;13,8;36,8;24,9;6,7;11;33,1;47,4;-18,7;0,1;201,1;0,3;25,1;5,9;612,2;490,6;13,8;11,3;9,7;43,4;33,8;19,7;18,8;477,5;0,2;18,4;19,5;62
70;ST;Börde;;117;1987,6;263,4;128,8;259,7;133;13,7;4,1;8,2;12,9;36,7;24,4;7;11,9;26,6;29,6;-7,9;2,1;284,9;0,6;36,4;4,6;484,2;563,1;14,1;12,6;15,2;50,8;20,5;21,1;21;270,2;4;35,3;19,6;41,1
71;ST;Anhalt;;122;2136,3;290,6;140,7;285,8;136;12,9;4,2;8,6;12,8;36,8;24,6;6,4;11,3;25,6;32,5;-11,7;1,5;259,8;0,6;47,3;7,2;490,1;556,8;14,3;9,4;13;50,2;26,5;22,3;20,5;306,7;3,5;30,5;18,8;47,2
72;ST;Bernburg - Bitterfeld - Saalkreis;;133;1546,6;264,1;128,8;260,3;171;13,4;4,3;8,6;12,8;37,2;23,7;6,4;11,4;36,2;33,3;-2,2;1,3;275,3;0,6;50,6;6,2;457,8;594,1;14;11,7;14;53,9;19,3;21,4;20,2;268,9;3,2;35,4;27,7;33,7
73;ST;Halle;;1;135;254,4;121,3;246;1884;12,9;3,8;9,2;14,5;36,3;23,2;7,8;10,6;35,1;57,8;-25,5;0,1;152,5;0,2;27,8;6,4;601,2;430,7;14,9;11;11,7;44,8;30,8;20,5;20,2;407,7;0,6;18,7;18,7;62,1
74;ST;Burgenland;;162;1667,8;274,6;133,2;271,1;165;13;4,1;8,2;12,4;36;26,2;6,6;12,3;24,2;27;-8,5;2,3;180,9;0,4;36,7;3,9;498,7;579,5;14,3;11;15,4;47,4;25,2;22,8;22,5;293,9;4;35;21,7;39,3
75;ST;Mansfelder Land;;156;1998,6;266,1;129,7;263,1;133;13,2;4,1;8,4;12,6;36,4;25,4;6,5;11,8;25;29,6;-9,9;1,7;238,9;0,5;48,1;4,4;468,4;592,2;13,5;12,3;11,9;53,2;21,7;22,1;22,7;273,4;5,2;31,8;19,4;43,6
;ST;Land insgesamt;;1272;20446,7;2648,7;1287,1;2604,6;130;13,4;4,2;8,5;13,1;36,6;24,2;6,9;11,3;28,9;34,2;-9,7;1,9;230;0,5;39,1;5,5;498,3;562,7;14,3;11,6;13;49,8;24,5;20,9;20,2;311,5;3,1;29,6;20,4;46,9
76;BE;Berlin-Mitte;Erläuterungen siehe Vorbemerkungen;1;891,4;321,1;161,7;238,6;3799;14,2;2,9;9,1;19,7;36,1;18;10,7;10,2;53,6;48,7;5,3;0;19,3;0,2;41,3;5,4;582,6;412,3;11,2;13,1;20,7;35,2;31;17,5;18,2;337,5;0,5;20,9;19,1;59,5
77;BE;Berlin-Pankow;Erläuterungen siehe Vorbemerkungen;1;891,4;268,5;131,5;255,2;3799;12,5;3;9,1;21,9;34;19,4;9;9,1;40,9;37,7;3,2;0;19,3;0,2;10,1;7,5;592;412,3;11,2;13,1;20,7;35,2;31;17,5;18,2;337,5;0,5;20,9;19,1;59,5
78;BE;Berlin-Reinickendorf;Erläuterungen siehe Vorbemerkungen;1;891,4;247,2;117,2;226;3799;14,4;3;6,8;13,2;37,9;24,7;8,5;12,4;24,2;31;-10,6;0;19,3;0,5;56,8;3,2;529,6;412,3;11,2;13,1;20,7;35,2;31;17,5;18,2;337,5;0,5;20,9;19,1;59,5
79;BE;Berlin-Spandau - Charlottenburg-Nord;Erläuterungen siehe Vorbemerkungen;1;891,4;256,4;123,2;222,6;3799;14,3;3,1;7,2;14,1;37,6;23,7;8,4;11,5;34,7;39,6;-8;0;19,3;0,3;102,8;7,3;515,1;412,3;11,2;13,1;20,7;35,2;31;17,5;18,2;337,5;0,5;20,9;19,1;59,5
80;BE;Berlin-Steglitz - Zehlendorf;Erläuterungen siehe Vorbemerkungen;1;891,4;288,3;132,1;262,7;3799;13;2,8;6,8;13,7;38,4;25,3;7,9;13,9;34,7;40,1;-11,3;0;19,3;0,2;20,7;1,8;530,4;412,3;11,2;13,1;20,7;35,2;31;17,5;18,2;337,5;0,5;20,9;19,1;59,5
81;BE;Berlin-Charlottenburg - Wilmersdorf;Erläuterungen siehe Vorbemerkungen;1;891,4;284,1;132,5;240,9;3799;10,9;2,1;6,5;16;41,1;23,4;8;12,2;41,9;38,5;-0,9;0;19,3;0,2;14,8;1,2;594,9;412,3;11,2;13,1;20,7;35,2;31;17,5;18,2;337,5;0,5;20,9;19,1;59,5
82;BE;Berlin-Tempelhof - Schöneberg;Erläuterungen siehe Vorbemerkungen;1;891,4;338,1;160,9;288,6;3799;13,1;2,6;7;15,9;39,6;21,7;9;11,2;35,5;33,1;0,3;0;19,3;0,5;51,5;2,4;543,9;412,3;11,2;13,1;20,7;35,2;31;17,5;18,2;337,5;0,5;20,9;19,1;59,5
83;BE;Berlin-Neukölln;Erläuterungen siehe Vorbemerkungen;1;891,4;307,1;150;243,4;3799;15,4;3;8;16,4;37;20,2;11;10,3;30,5;32,3;-1,1;0;19,3;0,4;39,4;1,6;532,7;412,3;11,2;13,1;20,7;35,2;31;17,5;18,2;337,5;0,5;20,9;19,1;59,5
84;BE;Berlin-Friedrichshain - Kreuzberg - Prenzlauer Berg-Ost;Erläuterungen siehe Vorbemerkungen;1;891,4;311,9;158,5;250,2;3799;14,8;2,9;9,8;22,6;35,6;14,3;11,9;9,1;49,6;41,8;10,6;0;19,3;0,3;36,8;0,9;581,8;412,3;11,2;13,1;20,7;35,2;31;17,5;18,2;337,5;0,5;20,9;19,1;59,5
85;BE;Berlin-Treptow - Köpenick;Erläuterungen siehe Vorbemerkungen;1;891,4;229,4;111,7;220,7;3799;12,8;3,3;7,6;14,5;35,2;26,6;7;9,6;30,3;31,4;-3,6;0;19,3;0,3;28,5;6,4;535,4;412,3;11,2;13,1;20,7;35,2;31;17,5;18,2;337,5;0,5;20,9;19,1;59,5
86;BE;Berlin-Marzahn - Hellersdorf;Erläuterungen siehe Vorbemerkungen;1;891,4;268;132,1;259,3;3799;16,8;5,7;10,7;12,4;40,6;13,7;6,8;6,5;19,8;39;-18,8;0;19,3;0,1;9,9;5,3;480,1;412,3;11,2;13,1;20,7;35,2;31;17,5;18,2;337,5;0,5;20,9;19,1;59,5
87;BE;Berlin-Lichtenberg - Hohenschönhausen ;Erläuterungen siehe Vorbemerkungen;1;891,4;266,5;133,2;245,1;3799;13,6;4,2;9,9;14,7;38,6;18,9;6,9;7,8;32,5;44,7;-13;0;19,3;0,2;13,6;2,4;523,6;412,3;11,2;13,1;20,7;35,2;31;17,5;18,2;337,5;0,5;20,9;19,1;59,5
;BE;Land insgesamt;;1;891,4;3386,7;1644,6;2953,1;3799;13,8;3,2;8,2;16,4;37,7;20,8;8,8;10,3;36,2;38,2;-3,6;0;19,3;0,3;34,2;3,7;547,5;412,3;11,2;13,1;20,7;35,2;31;17,5;18,2;337,5;0,5;20,9;19,1;59,5
88;NW;Aachen;;1;160,8;243,8;121,7;201,5;1516;13,9;2,6;7,9;17,8;35,9;22;9,8;9,6;53,2;55,9;-2,5;0,8;29,3;0,5;91,7;3,7;511,8;519,2;9,8;4,3;24;35,9;33,1;10,8;10,9;472,2;0,3;24,3;18,4;57
89;NW;Kreis Aachen;;9;546,2;305,6;149,2;272,8;560;17;3,2;7,2;14,3;35;23,3;10,2;10,5;33,7;31;2,3;1,9;29,8;0,4;76,5;4;429,8;593,1;9,8;6;23,9;41,3;26,1;9,9;10;239,7;0,6;42,1;21,9;35,4
90;NW;Heinsberg;;10;628;248,3;122,3;224,8;395;18,4;3,6;7,6;14;34,8;21,7;9,9;9,3;35,3;26,6;9,4;4,6;34,1;0,5;43,9;6,9;398;625,2;12;5,2;23,9;41,1;26,3;9,4;9,1;207,6;1,4;38,9;21,8;37,9
91;NW;Düren;;15;941,5;266,5;132,3;240,6;283;17,5;3,3;7,5;14,8;35,1;21,9;9,8;9,9;53,3;42,9;10,3;4,1;46,9;0,5;69,5;5,7;408,5;629,1;11,1;4,3;25,4;45,3;23,7;8,6;9,1;279;0,9;40,5;18,3;40,3
92;NW;Erftkreis I;;7;525;323,6;159,6;286,1;616;16;3,2;7,4;14,8;37;21,7;9,7;9,1;44,4;38,7;6,3;1,4;53,3;0,3;54,8;5,4;412,9;619,7;10,2;4,6;22,1;44,9;26,7;7,3;7,8;262,1;1,1;32,8;29,7;36,4
93;NW;Euskirchen - Erftkreis II;;14;1428,6;316,7;155,3;291;222;17,5;3,4;7,3;14;35,4;22,5;10,1;10,5;37,9;29,7;7,9;7,8;33,3;0,5;53;4,5;390,7;682,2;11;4,8;25;40,5;27,8;6,9;7,8;251,2;1;40,9;21,8;36,4
94;NW;Köln I;Erläuterungen siehe Vorbemerkungen;1;128,3;267,5;131,6;211;2084;14,2;2,5;7,5;17,8;35,7;22,3;10,3;10;48,1;48,4;-0,1;0,2;49,8;0,3;70,3;6,1;519,6;545,9;9,4;6,1;22,8;37,6;30,7;11,5;11,5;484,8;0,3;21,5;24,6;53,7
95;NW;Köln II;Erläuterungen siehe Vorbemerkungen;1;101,7;278;132,5;231,8;2734;14,2;2,5;7,5;17,8;35,7;22,3;10,3;10;48,1;48,4;-0,1;0,2;49,8;0,3;70,3;6,1;519,6;545,9;9,4;6,1;22,8;37,6;30,7;11,5;11,5;484,8;0,3;21,5;24,6;53,7
96;NW;Köln III;Erläuterungen siehe Vorbemerkungen;1;123;277,6;134,7;218,8;2258;14,2;2,5;7,5;17,8;35,7;22,3;10,3;10;48,1;48,4;-0,1;0,2;49,8;0,3;70,3;6,1;519,6;545,9;9,4;6,1;22,8;37,6;30,7;11,5;11,5;484,8;0,3;21,5;24,6;53,7
97;NW;Bonn;;1;141,2;301;143,4;248,9;2132;14,5;2,7;7,6;16,7;35,9;22,6;10,6;9,9;70,5;83,1;-11,9;0,2;21,3;0,3;38,8;5,8;505,3;571,4;12,2;4,6;16,5;32,2;43,5;6,9;7,7;489,6;0,2;16;15,6;68,2
98;NW;Rhein-Sieg-Kreis I;Erläuterungen siehe Vorbemerkungen;10;660,7;300,8;147,8;270,8;455;17,5;3,4;7,5;14,1;36,4;21,2;10;8,9;49,3;39,5;10,9;2,8;26,1;0,4;50,1;6,2;410,5;627,8;10,1;4,9;22,7;40;29,6;6,8;7,3;253,6;1,2;38,7;21,6;38,5
99;NW;Rhein-Sieg-Kreis II;Erläuterungen siehe Vorbemerkungen;9;492,7;271,8;133;250,3;552;17,5;3,4;7,5;14,1;36,4;21,2;10;8,9;49,3;39,5;10,9;2,8;26,1;0,4;50,1;6,2;410,5;627,8;10,1;4,9;22,7;40;29,6;6,8;7,3;194,8;1,7;28,9;23,3;46,1
100;NW;Oberbergischer Kreis;;13;918,1;286,4;139,3;262;312;18,4;3,7;7,9;14;33,5;22,6;10,5;10,5;32,8;28,8;4;4,4;23,8;0,9;115;5,7;397,8;657,2;12,2;6,1;25,5;45,8;21;8,8;8,7;310,6;0,6;49,6;15,7;34,1
101;NW;Rheinisch-Bergischer Kreis;;8;437,6;275,7;133,8;253;630;16,6;3,1;6,7;13,7;36,3;23,6;10,2;9,9;46;41,1;5,3;2;22,1;0,5;55,5;5,4;438,4;667,5;9,8;3,9;19,8;42,4;31,6;7,6;8;244,3;1;35,2;24;39,7
102;NW;Leverkusen - Köln IV;Erläuterungen siehe Vorbemerkungen;1;131,1;300,3;145,9;253,3;2291;15;3;7,1;14,6;34,8;25,4;9,3;10,6;41,8;43,2;-2,7;0,4;22,4;0,3;220,4;0,6;465,3;582,2;11,9;3,5;20,7;39,6;34,1;9,5;9,9;416,2;0,2;55,8;16,1;27,9
103;NW;Wuppertal I;Erläuterungen siehe Vorbemerkungen;1;130,8;323,8;154,6;268,3;2475;15,1;3;7,2;14,8;35;24,9;9,3;12;31,7;37,7;-8,7;0,4;17,9;0,7;100,5;2;509,1;544,3;9,9;7,9;24,7;34,1;29,7;10;10,4;354;0,4;35,8;19,8;44
104;NW;Solingen - Remscheid - Wuppertal II;Erläuterungen siehe Vorbemerkungen;2;201,6;330,9;159,3;282,7;1641;16,2;3;7,2;14,2;34,7;24,8;9,7;11,7;36,4;31,5;2,9;0,5;19,2;1,2;125,1;2,8;474,1;599,4;10,6;6,3;25,1;40,5;25,3;8,6;8,9;343,2;0,4;50,3;16,8;32,5
105;NW;Mettmann I;Erläuterungen siehe Vorbemerkungen;6;183,8;274,6;133,2;243,3;1495;15,6;3,1;6,8;13,9;36,7;23,8;8,9;10,3;39,7;36,6;1,7;0,9;31,4;0,9;103,6;4,6;458,9;623,5;10,5;5,8;19,1;45,4;27,4;6,9;7,2;320,2;0,7;31,8;35,6;31,9
106;NW;Mettmann II;Erläuterungen siehe Vorbemerkungen;4;223,3;232;111,9;203,6;1039;15,6;3,1;6,8;13,9;36,7;23,8;8,9;10,3;39,7;36,6;1,7;0,9;31,4;0,9;103,6;4,6;458,9;623,5;10,5;5,8;19,1;45,4;27,4;6,9;7,2;365,9;0,6;47;23,5;28,9
107;NW;Düsseldorf I;Erläuterungen siehe Vorbemerkungen;1;129,6;294,3;138,2;243,3;2271;12,9;2,4;6,7;17,1;36,2;24,8;9,1;11,7;55;51,7;0,7;0,3;22;0,4;81,9;4,2;554,7;576,1;8,9;7,7;19,3;36,3;33,3;10,1;10,4;620,7;0,2;20,5;25,1;54,2
108;NW;Düsseldorf II;Erläuterungen siehe Vorbemerkungen;1;87,4;274,6;130,4;226,3;3141;12,9;2,4;6,7;17,1;36,2;24,8;9,1;11,7;55;51,7;0,7;0,3;22;0,4;81,9;4,2;554,7;576,1;8,9;7,7;19,3;36,3;33,3;10,1;10,4;620,7;0,2;20,5;25,1;54,2
109;NW;Neuss I;;4;347,5;289,8;142,2;253,6;834;16,3;3,1;7,1;14,4;36,7;22,4;9,7;9,1;37,6;36,3;2;1,8;37,2;0,4;76,3;5,2;439,9;639,2;10,2;4,5;19,9;43;29,9;7,1;7,4;354,6;0,7;39,4;27,6;32,3
110;NW;Mönchengladbach;;1;170,4;263,7;126,7;234,7;1547;16;3;7,3;14,8;35,2;23,7;9,6;11,6;34,9;36,6;-3,7;0,8;29,8;0,5;75,3;4,7;464,4;575,9;11;6,3;29,7;35,1;26,9;10,8;11,7;330,3;0,7;34,9;23,9;40,4
111;NW;Krefeld I - Neuss II;Erläuterungen siehe Vorbemerkungen;5;302,4;279,3;135,7;245,9;924;15,3;3;6,8;15;35,6;24,2;8,9;10,2;32,9;38,8;-7,2;0,5;28,4;0,6;117,4;3;490;536,3;10,6;5,8;22,6;40,3;29,4;11,2;11,5;292,8;0,8;37,6;23,2;38,4
112;NW;Viersen;;9;563,3;299,2;146,2;275;531;17,5;3,2;6,8;14,2;35,9;22,4;9,3;10,2;38,8;30,5;7,4;3,5;27,3;0,6;73,7;6,6;427,3;649,8;10,5;5,8;23;40,8;27,5;8;8,4;283,2;1,3;40,1;23,8;34,8
113;NW;Kleve;;16;1232;297,6;146,9;274,3;242;18,3;3,5;7,3;14,5;34,7;21,8;9,9;10,6;33,5;24,7;8,1;8,8;28,3;0,5;46,3;6,2;394;630,2;10,6;7,5;27,9;44,1;19,4;8,7;8,5;255,2;3;36,2;22,3;38,5
114;NW;Wesel I;Erläuterungen siehe Vorbemerkungen;10;883,5;267,5;130,9;247,9;303;16,7;3,3;7,1;13,9;36,1;22,8;8,7;9,8;33,5;29,2;3,2;3,9;28;0,4;67,8;5,7;406,4;623,2;10,9;5,9;22,4;45;24,6;9,1;9,1;241,5;1,7;45,4;20,6;32,3
115;NW;Krefeld II - Wesel II;Erläuterungen siehe Vorbemerkungen;2;175,3;250,9;121,1;220,7;1431;16,7;3,3;7,1;13,9;36,1;22,8;8,7;9,8;33,5;29,2;3,2;3,9;28;0,4;67,8;5,7;406,4;623,2;10,9;5,9;22,4;45;24,6;9,1;9,1;268,1;1;28,1;26,1;44,8
116;NW;Duisburg I;Erläuterungen siehe Vorbemerkungen;1;123,5;267;129,7;226,3;2162;15,5;2,9;7,4;14,5;34,1;25,6;9,5;11,9;31,2;35,6;-6,8;0,2;36,8;0,3;82,7;2,2;488,8;514,1;9,3;8,8;26,7;39,2;22,8;13,7;14,1;310,2;0,4;36,9;23,8;38,9
117;NW;Duisburg II;Erläuterungen siehe Vorbemerkungen;1;109,3;252,8;123,1;203,6;2312;15,5;2,9;7,4;14,5;34,1;25,6;9,5;11,9;31,2;35,6;-6,8;0,2;36,8;0,3;82,7;2,2;488,8;514,1;9,3;8,8;26,7;39,2;22,8;13,7;14,1;310,2;0,4;36,9;23,8;38,9
118;NW;Oberhausen - Wesel III;;2;124,7;293;142,2;256,9;2349;15,4;3;7,3;14,1;35,5;24,8;8,8;11,5;36,3;34,1;-0,5;0,1;16,7;0,3;41,2;2,7;462,6;542;10,8;5,8;25,7;40,7;24,6;12,3;12,5;273,8;0,6;34,1;20,5;44,8
119;NW;Mülheim - Essen I;Erläuterungen siehe Vorbemerkungen;2;115,9;263,8;125,9;239,9;2277;14,1;2,6;6,1;13,6;35,8;27,8;8,2;12,3;37,4;36,9;-3,6;0,5;20,3;0,4;67,4;3,4;510,9;598,5;8,5;3,9;17,7;39,1;37,2;9,1;9,4;364,6;0,6;26,9;22,9;49,6
120;NW;Essen II;Erläuterungen siehe Vorbemerkungen;1;67,7;249;121;212,2;3679;14,1;2,8;6,9;14,2;35,3;26,7;8,7;12,9;29,2;31,1;-6,1;0,2;26,3;0,4;44,6;1;520,7;543,4;10;6,4;16,8;41;32;11,8;12,1;364,6;0,6;26,9;22,9;49,6
121;NW;Essen III;Erläuterungen siehe Vorbemerkungen;1;118,1;260,6;122,2;236,6;2207;14,1;2,8;6,9;14,2;35,3;26,7;8,7;12,9;29,2;31,1;-6,1;0,2;26,3;0,4;44,6;1;520,7;543,4;10;6,4;16,8;41;32;11,8;12,1;364,6;0,6;26,9;22,9;49,6
122;NW;Recklinghausen I;Erläuterungen siehe Vorbemerkungen;3;165,1;234,9;113,7;210,3;1423;16,3;3,3;7,4;14;35,2;23,9;9,3;10,8;28,9;28,2;-0,9;1,6;24,7;0,4;61,4;4,4;439,6;570,8;11,3;6,3;21,4;44,2;25,9;13;13,1;241;1;29;21,8;48,3
123;NW;Recklinghausen II;Erläuterungen siehe Vorbemerkungen;5;388,2;266,3;129,8;239;686;16,3;3,3;7,4;14;35,2;23,9;9,3;10,8;28,9;28,2;-0,9;1,6;24,7;0,4;61,4;4,4;439,6;570,8;11,3;6,3;21,4;44,2;25,9;13;13,1;245,3;0,9;39;24;36,1
124;NW;Gelsenkirchen;;1;104,8;282;135,8;241,7;2690;15,6;3;7,4;14,5;33,8;25,7;9,3;13;30,8;34,6;-7,5;0,2;14,5;0,4;61,1;1,6;496,1;486,7;10,5;8,3;24,6;39,8;24,1;16,1;16,9;261,5;0,5;33,8;20,5;45,2
125;NW;Steinfurt I - Borken I;Erläuterungen siehe Vorbemerkungen;12;976,7;266;132,5;245,9;272;19,1;3,6;8;15,3;33,1;20,9;11,1;8,4;28,8;23,6;7,9;9,9;24,9;0,7;85,4;7,9;371,2;632,2;12,4;5,7;20,7;45,6;26,4;6,9;7;286,5;1;39,1;24,5;35,4
126;NW;Bottrop - Recklinghausen III;;3;307,7;280,4;135,9;253,1;912;15,8;3,1;7,2;14,1;35,7;24,1;9,2;11,5;34,7;34,1;-1,7;0,9;26,4;0,5;78,5;5;443,2;595,3;10;5,7;20,7;44,5;27,1;11,8;12,2;234,4;1;41,4;22,4;35,3
127;NW;Borken II;;12;994,7;253;126;237,6;254;20,4;3,8;8,3;15,5;32,4;19,6;12,1;8,2;30,2;24,1;10;11,3;22,2;0,9;103,9;9;358,2;618,4;12,9;5,6;25;47,6;20,4;6,7;7,3;327,7;1,5;50,9;19,9;27,6
128;NW;Coesfeld - Steinfurt II;;14;1258,7;238;116,6;227,1;189;19,8;3,8;8;14,5;34,4;19,5;11;8,7;37,6;28,6;11,4;12,7;26,4;0,6;52,3;7,3;354,9;644;12;3,2;19,2;52,3;23,1;6,1;6,7;244,8;2,3;36,9;22;38,7
129;NW;Steinfurt III;Erläuterungen siehe Vorbemerkungen;14;1090,2;245;120,6;231;225;19,1;3,6;8;15,3;33,1;20,9;11,1;8,4;28,8;23,6;7,9;9,9;24,9;0,7;85,4;7,9;371,2;632,2;12,4;5,7;20,7;45,6;26,4;6,9;7;288,5;1,2;44,6;24,2;29,9
130;NW;Münster;;1;302,8;264,7;123,8;244,5;874;14,4;2,6;9;19,6;33,1;21,3;10,7;8,3;59,7;61,5;0,7;2,1;25,5;0,3;41,1;8,1;497,7;574;11;3,4;17,1;34,6;41,6;7,1;7,8;491,8;0,9;19,1;18,9;61
131;NW;Warendorf;;13;1316,4;278,5;136,9;255,2;212;18,5;3,7;8,3;14,7;33,5;21,3;11;9,1;30,8;26,8;5,9;11,3;28,5;0,8;112,5;8;390;632,8;12,3;5;27,7;43,1;22,9;6,9;7,5;292,6;1,7;50,3;17,7;30,3
132;NW;Gütersloh;;12;931,9;331,3;162,9;300,8;355;18,7;3,5;7,9;15,2;33,7;20,9;11,6;9;35;29,3;8,3;8,6;19;1;151,3;7,1;400,7;675,5;11,3;5,3;26,4;47,2;19,8;7;8,1;402,8;0,9;52,3;19,7;27,1
133;NW;Bielefeld;;2;293;332,7;158,4;289,9;1136;15,2;3;7,9;15,7;32,9;25,3;10,2;11,6;41,3;42,1;-2,2;1;22,3;0,7;93,7;2,7;466,8;570,6;11,1;6,1;24,5;41,5;25,7;11,4;12,4;409,3;0,4;32,8;22,7;44,1
134;NW;Herford - Minden-Lübbecke II;;10;514,7;303,8;145,7;281,1;590;17;3,3;7,3;14;33,4;25,1;10,1;11;33,5;29,5;3;4,3;20,2;1,2;129,8;6,1;427,3;678,6;11,9;5;20,2;45,8;26,8;7,3;8,3;371,7;0,6;46,4;19,8;33,2
135;NW;Minden-Lübbecke I;;10;1087,4;272,2;132,8;257,1;250;17,5;3,5;7,5;14,1;32,9;24,5;10,3;11,3;38,3;34,6;2,6;10,1;20,9;0,8;97,4;6,1;389,5;685,1;11,7;6,9;26,7;41,2;23,6;8,1;8,7;331,9;0,7;44,6;21;33,8
136;NW;Lippe I;;10;759,9;231,9;112,1;217,1;305;17,8;3,5;7,5;13,9;32,8;24,5;10,2;11,2;33,2;31,3;1;4;38,1;0,8;93,2;4,6;422,5;644,2;11,1;6,2;24,6;46,1;21,9;8,7;10,2;285;1,1;50,7;17,4;30,7
137;NW;Höxter - Lippe II;;16;1686,1;288,6;140,4;269,9;171;18,2;3,7;8,2;14;32,5;23,4;10,2;9,9;31,3;28,1;3,5;13,8;30,6;0,7;68,8;6,5;386,8;645;13,7;4;26,6;41,9;26,4;8,4;9,4;286,2;1;38,3;19,4;41,3
138;NW;Paderborn;;10;1245,3;288,1;142;266,9;231;18,9;3,7;8,8;16;33,2;19,3;11,5;8,3;33,7;27,8;9,1;8,9;24,3;0,7;96,1;12,5;407,8;623,2;13,1;6,3;27,3;42,6;21,6;8,7;9,4;342,6;0,9;39,9;19,6;39,7
139;NW;Hagen - Ennepe-Ruhr-Kreis I;;5;323,3;312,5;149,9;271,7;967;15,8;3,1;7,2;13,9;34,1;26;9,4;11,5;29,2;36,9;-9,7;0,5;18,9;0,8;88,4;2,3;498,6;552,5;12,3;6,6;23,1;38,8;27,2;10,8;11;342,5;0,4;42,2;22,1;35,3
140;NW;Ennepe-Ruhr-Kreis II;;5;245,4;244,1;117,3;224;995;15,1;3;6,8;14,1;35,7;25,2;8,8;11,8;37,5;32,4;2,1;1,8;19,4;0,9;104,3;4,2;463,6;620;9,8;4,7;23,7;43,2;26,8;9,2;8,9;278;0,7;44,6;18;36,7
141;NW;Bochum I;Erläuterungen siehe Vorbemerkungen;1;94,8;279,8;134,8;259,9;2951;13,4;2,8;7,2;15,7;35,7;25,2;8,5;11,7;36,2;34;-1;0,2;27,4;0,4;95,1;2,5;480,5;539,8;10,1;5,7;21,5;38,4;30;11,9;11,5;351,3;0,3;35,3;19,6;44,7
142;NW;Herne - Bochum II;Erläuterungen siehe Vorbemerkungen;1;102;288,7;141,2;235,8;2830;14,7;3;7,3;14,8;34,9;25,4;8,4;12,6;30,8;32,5;-6;0,2;14,7;0,3;106,1;3,1;474,6;498,5;10,3;7,1;21,8;41,7;24,2;14,8;15,2;266,8;0,3;28,6;20,7;50,5
143;NW;Dortmund I;Erläuterungen siehe Vorbemerkungen;1;126,1;286,1;138,1;245;2269;14,7;2,9;7,4;14,8;35;25,1;9,2;11,6;34,1;34,3;-2,6;0,3;30,7;0,4;47,2;4,2;502,9;531,6;10;7;23,1;40,9;25,9;14,8;14,7;337,8;0,5;25,9;23,2;50,4
144;NW;Dortmund II;Erläuterungen siehe Vorbemerkungen;1;154,2;304,1;148,8;248,9;1972;14,7;2,9;7,4;14,8;35;25,1;9,2;11,6;34,1;34,3;-2,6;0,3;30,7;0,4;47,2;4,2;502,9;531,6;10;7;23,1;40,9;25,9;14,8;14,7;337,8;0,5;25,9;23,2;50,4
145;NW;Unna I;;7;347,1;280,5;137,1;254,7;808;16,8;3,4;7,7;14,2;35,4;22,6;9,7;10,2;90,2;85,2;4,5;1,8;34,1;0,5;61,3;5;417,4;577,8;10,4;6;22,3;42,7;26,9;11,2;11,3;249,1;0,7;35,8;29,7;33,8
146;NW;Hamm - Unna II;;4;421,8;331,5;161,9;293,8;786;17,1;3,2;8,2;14,6;33,9;23;10,7;10;48;42,7;6;2,3;27,1;0,4;80,7;5,6;435,7;556,8;11,5;7,6;25,4;41,4;23,8;12,7;13,1;258,4;1,3;37,1;21,4;40,3
147;NW;Soest;;14;1327,5;306,1;150;282,6;231;17,7;3,5;7,8;14,8;33,8;22,4;10,1;10,6;31,4;25,6;5,3;7,4;33,8;0,7;104,9;6,6;403,8;635,5;12,3;5,7;23,3;40,8;28;8;9,1;315,3;1;45,9;19,3;33,8
148;NW;Hochsauerlandkreis;;12;1958,6;283,1;139,5;260,9;145;17,8;3,5;7,9;14,5;32,6;23,6;10,3;10,4;27,5;29,8;-2,4;8,1;23,1;1,1;112,6;7,2;416,5;641,9;12,6;6,9;22,1;47,6;21,8;6,6;7,7;322,3;0,7;51,8;15,1;32,4
149;NW;Siegen-Wittgenstein;;11;1131,5;297,2;146,4;270,7;263;16,8;3,5;7,9;14,4;34,1;23,2;9,4;10,1;26,6;28,2;-2,2;4,1;12,9;1,1;125,1;4,2;417,4;651,9;13,4;4,8;20,4;43,1;28,6;7,1;7,6;352,9;0,3;46,1;20,3;33,2
150;NW;Olpe - Märkischer Kreis I;;13;1158,7;299,4;148;264,6;258;18,5;3,7;8,2;15,4;33,2;21;10,9;9,8;27,4;23,7;4,8;6,4;16,9;1,4;155,4;7,7;379,9;641,1;13,2;5,8;30;39,9;21,9;6,4;7;362,8;0,4;59,6;15;25
151;NW;Märkischer Kreis II;;9;611;301,1;147,1;262,2;493;17,4;3,4;7,5;14,4;34,3;22,9;9,9;10,8;29,1;29,5;-1,3;2,2;25,4;1,5;157;3,4;429,9;611,9;11;8,5;25,5;43,2;21;7,9;8,6;320,3;0,5;57,9;15,2;26,5
;NW;Land insgesamt;;396;34080;17999,8;8749,8;15955,2;528;16,3;3,2;7,5;14,9;34,9;23,3;9,8;10,5;38,9;36,9;1,3;3,1;26,6;0,6;83,5;5;448,6;596,8;10,8;5,9;23;41,8;26,9;9,5;9,9;332,4;0,7;36,1;21,7;41,5
152;SN;Delitzsch - Torgau-Oschatz - Riesa;;46;2256,9;290,2;142,4;283,8;129;14,1;4,6;8,9;13,2;36,2;23;6,8;10,1;30,1;30,7;-3,8;2,5;223,7;0,6;44,8;6,8;453,3;604,3;14;12,8;13,3;49,7;24,2;19,5;19,2;310,4;3,9;34,1;21,9;40,1
153;SN;Leipzig I;Erläuterungen siehe Vorbemerkungen;1;170,9;239,2;115,7;230,4;1400;11,6;3,4;8,7;14,9;36;25,3;7,3;11,1;42,9;42,3;-3,1;0,2;135,2;0,3;25,2;10,6;633,9;433,7;11,7;13,3;10,7;39,4;36,5;18,1;19,1;420;0,4;21,2;19,8;58,7
154;SN;Leipzig II;Erläuterungen siehe Vorbemerkungen;1;126,6;254,6;122,3;238,2;2011;11,6;3,4;8,7;14,9;36;25,3;7,3;11,1;42,9;42,3;-3,1;0,2;135,2;0,3;25,2;10,6;633,9;433,7;11,7;13,3;10,7;39,4;36,5;18,1;19,1;420;0,4;21,2;19,8;58,7
155;SN;Leipziger-Land - Muldentalkreis;;48;1644,5;291,2;142,5;286,4;177;13,6;4,2;8,4;13;37;23,7;6,8;11,2;39;32,7;1,9;2,2;144,9;0,6;37,9;9,7;463,3;634,5;11,8;13,1;12,9;48,3;25,7;19,8;19,5;264,1;3,4;37,1;21,3;38,3
156;SN;Kamenz - Hoyerswerda - Großenhain;;54;2018,3;274,3;134,8;270,2;136;14;4,6;9,1;12,5;35,9;23,9;6,9;10,2;25,3;31,1;-9,1;2,3;131,9;0,7;59,2;4,4;463,3;607,2;15,1;12,8;12,3;52,4;22,5;19,7;20,3;304,9;3,2;39,9;19,7;37,2
157;SN;Löbau-Zittau - Görlitz - Niesky;;51;1281;264;127,4;259,7;206;13,2;4,3;8,5;11,9;35;27,1;6,7;12,2;19,7;27,5;-13,3;1,7;110,7;0,5;41;4,3;523,6;556,3;14,7;11,5;12,1;49,8;26,5;22,7;24,4;280;3,1;32,4;17,7;46,9
158;SN;Bautzen - Weißwasser;;48;1780,4;223,5;110,1;219,3;126;14,2;4,8;9,4;12,2;35,8;23,6;7;10;21;30,4;-12,4;2,1;169,4;0,6;45,1;4,3;447,5;614,7;15,8;11;13,8;51,6;23,6;21,3;21,9;296,9;3,4;37,5;18,5;40,6
159;SN;Sächsische Schweiz - Weißeritzkreis;;45;1653,5;274;134,1;269,5;166;13,5;4,1;8,8;12,7;35,9;25;7,2;11,1;32,7;30,1;-1,3;2,6;109;0,6;41;6,6;473,6;615,9;13,1;10,5;13,3;52,5;23,7;17,6;19;276,3;5,2;36,6;17,1;41,1
160;SN;Dresden I;Erläuterungen siehe Vorbemerkungen;1;81,4;269;127,7;259,7;3305;12,4;3,7;9,5;15;34,9;24,6;8;10,2;40,6;42;-3,5;0,3;29,2;0,4;42,9;7,9;595,4;495,9;12,9;9,3;10,3;47,5;32,9;15,5;15,9;458,9;0,8;23,6;19;56,6
161;SN;Dresden II - Meißen I;Erläuterungen siehe Vorbemerkungen;7;453,4;294,8;144,4;284;650;13,3;4,2;8,7;12,4;35,8;25,6;7,1;10,7;37,5;33,8;0;2,2;116,6;0,7;65,8;6,8;472,4;592;13,1;10,2;10,8;52;27;17;17,3;300,8;3,9;42;16,6;37,5
162;SN;Freiberg - Mittlerer Erzgebirgskreis;;53;1508,8;249,9;121,8;245,7;166;13,9;4,3;9,1;12,5;35;25,2;7,1;11;24,1;27,7;-7,5;2,8;115,1;0,8;52,7;3,1;462,6;618,7;14,5;11,6;12,6;52,4;23,4;18,3;19,4;282,7;4,3;40,8;16,4;38,5
163;SN;Döbeln - Mittweida - Meißen II;;50;1622,3;285,3;138;281,7;176;12,9;4,1;8,5;12,5;35,5;26,4;6,6;12,1;24,9;26,4;-7;3,2;121,1;0,9;55,7;3,8;485,8;629,7;13,7;11,1;13;51,1;24,8;19,2;19,7;297,8;3,7;39,5;21,2;35,6
164;SN;Chemnitz;;1;220,9;263,2;125,1;253,5;1192;11,3;3,5;8,5;12,5;37,1;27;6,7;12,1;24,6;38,4;-19,2;0,4;69,1;0,6;50;6;624,3;557,2;13,4;13,5;10;45,6;30,8;17,4;18,1;446,4;0,7;25,4;20,8;53,1
165;SN;Chemnitzer Land - Stollberg;;30;602;237,1;113,9;234;394;12,7;4;8,1;12,2;36,1;26,9;6,7;12,3;29,6;28,8;-4,8;2;67;0,7;53;6,4;502,2;612,7;12,8;9,8;8,5;54,2;27,6;17,1;18,6;286,9;2,7;42;19,3;36
166;SN;Annaberg - Aue-Schwarzenberg;;39;966,4;232;111,9;229,5;240;13,2;4,2;9;11,7;36,2;25,8;7,1;12,6;17,5;22,7;-10,7;2,2;48,7;0,8;58,9;4,9;497,8;597,4;13,9;10;13,4;55,3;21,3;20,1;20,5;292,1;2,5;42;17;38,4
167;SN;Zwickauer Land - Zwickau;;18;613,6;240,6;114,9;236,8;392;12,7;3,8;8,1;12,3;36,5;26,6;6,8;12,6;27,6;31;-9,2;1,9;77,2;0,5;70,4;4,6;556,4;595,5;12,2;16,1;9,9;47;27;19,3;20,1;358,2;1,4;35,6;20,5;42,5
168;SN;Vogtland - Plauen;;48;1411,9;276,6;131,7;272,4;196;12,4;3,8;7,9;12,2;36,4;27,4;6,7;13,6;21,9;23,8;-8,7;2,8;73,5;0,8;64,6;3,9;537,6;632,8;12,2;13,5;13,5;47;26,1;16,3;16,9;312,8;2,4;40,3;17,7;39,6
;SN;Land insgesamt;;539;18412,9;4459,7;2158,7;4354,7;242;13;4;8,7;13;35,9;25,3;7;11,3;30;32,4;-6,7;1,8;115,1;0,6;48,4;6,3;522,7;575,4;13,3;11,9;11,9;49,2;27;18,5;19,2;336,5;2,3;32,4;19,3;46
169;HE;Waldeck;;29;2166,6;252,7;123,4;240;117;16,3;3,3;7,2;14;34,9;24,3;9,2;10,7;39;34,9;2,5;11;26,6;0,5;98;6,4;430,9;695,1;9,7;10,3;25,9;49,1;14,1;8,7;8,7;309,1;0,9;47,9;13,7;37,5
170;HE;Kassel;;12;357,5;298,4;142,7;266,8;835;13,8;2,7;8,2;15,9;34,5;24,9;9,6;11,9;57,6;64,7;-9,5;0,2;18,7;0,5;82,3;3,6;512,3;507,8;12,2;10,9;20,6;32,5;35,4;15,5;15,8;378,8;0,5;24,8;25,3;49,4
171;HE;Werra-Meißner - Hersfeld;;36;2121,7;246,2;120,2;235,1;116;15,4;3,4;7,2;13,6;33,8;26,6;8,7;12,6;30,3;31,9;-5,5;12;25,6;0,7;77,2;4,3;435,6;695,5;10,8;8,5;26,6;43,4;20,4;11,2;10,3;291,8;1,2;40,4;21,3;37,1
172;HE;Schwalm-Eder;;38;2262,5;254,8;126,2;243,9;113;16,4;3,4;7,6;14,1;34,4;24,1;9,2;11,3;31,5;30,5;-1,2;12,7;28,1;0,6;59,9;3,8;397,6;716,5;11,6;8,5;24,8;42,6;22,7;9,4;9,3;249,3;1;42,8;20,2;36,1
173;HE;Marburg;;22;1262,5;253,6;124,6;228,6;201;15,8;3,2;9,5;16,4;34,2;20,9;9,7;9;39,6;38;2,4;8,8;22;0,6;95,3;5,3;394,3;614,4;11,1;6,9;26,1;38,3;27,8;7,1;7,4;301,7;0,7;38,7;14,5;46,1
174;HE;Lahn-Dill;;25;1153,4;285,6;140,1;260,9;248;17;3,4;7,6;14,4;34,1;23,5;9,8;10,7;27,6;26,2;0,5;3,7;22;1;119,7;5,4;413,3;670,5;12;8,9;26,9;47,9;15,4;7,9;8;304,4;0,7;49,3;18,4;31,7
175;HE;Gießen;;27;1586,6;300,1;146,9;275,3;189;16;3,2;8,1;15,1;34,7;22,9;9,3;9,8;37,6;35,4;1,6;9,2;28,5;0,6;61,5;5,6;433,9;676,6;11,5;9,9;21,3;41,4;26,2;8,4;8,9;330,5;0,6;30,2;24,9;44,2
176;HE;Fulda;;35;2437,1;310,5;152,8;292,6;127;17,9;3,5;7,7;15,1;32,9;22,8;10,7;9,6;25;24,3;1,8;13,8;21,3;0,8;89,1;6,4;426;696,3;12,2;9,3;26,7;41;21,5;7,6;7,5;314,4;0,8;42,6;20,7;35,9
177;HE;Hochtaunus;;19;812,6;245,3;118,8;218,7;302;15,1;2,8;6,6;14,3;37,5;23,6;9,5;10;58,1;53,1;4,4;1,8;27,9;0,5;58,5;5,9;464,2;701,4;9,7;7,7;15,8;35,7;40,2;4,9;4,8;309,3;0,5;28,3;21,2;50
178;HE;Wetterau;;28;1240,9;323,5;158,9;295;261;16,5;3,1;7,1;15;36,2;22,1;10,1;9,7;45,2;37,8;7,7;5,3;33;0,5;48,6;4,9;407,5;670,9;9,9;9,8;21,9;36,9;30,1;6,3;6,5;256,8;0,9;34,1;22,2;42,7
179;HE;Rheingau-Taunus - Limburg;;27;1171,2;294,7;145,3;264,5;252;16,4;3,3;7,3;14,7;36,3;22;10,2;9,8;45;39,8;5,5;5,6;24,6;0,5;45;5,8;417,6;687,8;10,3;10,9;27,2;39,9;21,1;5,9;6,1;238,4;1,3;33;21;44,7
180;HE;Wiesbaden;;1;203,9;268,7;129;217;1318;14;2,6;7,4;16,5;35,6;23,9;10,1;11,5;58,5;51,3;5,7;0,9;19,9;0,3;53,9;4,9;499,8;767,8;10,9;10,4;21,3;29,7;36,1;8;8,4;460,6;0,4;20;19,3;60,3
181;HE;Hanau;;22;840,6;329,1;161,3;292;391;16,2;3,1;7,4;14,9;36,3;22,1;9,8;9,7;36,5;32,3;4,3;4,5;24,7;0,5;75;3,9;436,4;658,3;10,8;10;24,2;42,6;23;7,1;7,1;286,3;0,7;39,1;24,1;36
182;HE;Main-Taunus;;15;270,5;261,5;127;229;967;15;2,7;6,7;15,4;37,8;22,4;10,3;8,5;64,1;57,7;8,3;1,5;21,1;0,4;49,1;9,1;457,5;711,2;8;10,3;19,6;40,2;28,5;4,5;4,3;374,2;0,6;22,9;28,9;47,6
183;HE;Frankfurt am Main I;Erläuterungen siehe Vorbemerkungen;1;85,7;297,8;314,4;235;3473;12,5;2,4;7,2;18;37,8;22,1;9,6;10,1;71,2;70,7;-0,1;0,3;21,4;0,3;83,3;4,2;525,3;555,5;8,7;11,2;20,6;33,6;31,9;7,5;7,7;763;0,2;14,8;25,5;59,5
184;HE;Frankfurt am Main II;Erläuterungen siehe Vorbemerkungen;1;162,6;346;314,4;253,4;2128;12,5;2,4;7,2;18;37,8;22,1;9,6;10,1;71,2;70,7;-0,1;0,3;21,4;0,3;83,3;4,2;525,3;555,5;8,7;11,2;20,6;33,6;31,9;7,5;7,7;763;0,2;14,8;25,5;59,5
185;HE;Groß-Gerau;;14;453,1;248,2;123,7;202,3;548;15,8;3,1;7,8;15,7;36,5;21,2;10;8,9;50,6;48,9;2,8;1,9;37,2;0,4;143,3;5,3;435,3;709,9;9,8;8,3;20,4;46,9;22,4;5,8;6,2;376,6;0,4;43,3;26,7;29,5
186;HE;Offenbach;;9;241,4;338,6;166,6;274,1;1403;15,2;2,9;7,4;15,7;37,2;21,7;10,1;9,1;57,4;52,7;5,7;0,5;26;0,6;74,5;3,6;464,2;635,5;9,5;10,9;23,6;37,4;26,4;6,9;7,2;383,8;0,4;29,8;29,5;40,3
187;HE;Darmstadt;;15;449,3;317,3;156,5;277;706;15,5;2,9;7,5;16;36,9;21,2;10,1;9,5;58,8;53,4;6;2,1;31,4;0,5;85,4;5,1;451,9;649,2;11,1;8,7;20;38;31,2;6,3;6,3;401,1;0,4;32,5;19,5;47,7
188;HE;Odenwald;;29;1115,1;316,7;157,3;283,3;284;17,3;3,5;7,5;13,6;34,9;23,2;9,3;10,9;34,1;32,9;-0,4;8,3;21,4;0,7;86,7;7,1;411,5;694,3;11;8,7;28,5;44;18,7;6,6;6,4;240,7;0,9;44,2;22,4;32,5
189;HE;Bergstraße;;22;719,6;262,6;128,9;237;365;16,1;3,1;7,1;14,4;36,5;22,9;9,6;10,4;40;33,8;5,4;3,9;23,8;0,6;54,4;6,1;426;706,8;10,7;8,1;21,6;39,5;29,8;6,7;6,6;240,7;0,7;39,9;23,4;36
;HE;Land insgesamt;;426;21114,4;6052;2964,7;5321,5;287;15,5;3;7,5;15,4;35,9;22,7;9,7;10,1;47,5;44,4;2,8;4,9;25,8;0,5;77;5,1;447,7;662,8;10,4;9,6;23,1;39,8;26,2;7,5;7,6;365,7;0,6;30,5;23;46
190;TH;Eichsfeld - Nordhausen;;130;1650,7;214,1;105,5;210,7;130;14,9;4,7;9,4;13,3;35,6;22;7,3;10,2;18,2;21,9;-6,6;2,8;143,2;0,7;48,6;5,6;421,6;596,7;15,6;12,4;17,7;44,6;25,3;17,1;17,3;298,5;2,3;37,9;18,6;41,2
191;TH;Eisenach - Wartburgkreis - Unstrut-Hainich-Kreis I;;82;1763,8;229,8;113,3;226,4;130;13,5;4,3;8,8;13,2;36,5;23,7;6,7;11,4;26,1;26;-4,5;2,9;101,6;0,7;85,3;4,7;456,3;614,1;13,9;12,6;18,5;46,6;22,4;13,4;13,3;326,7;3,5;43,7;16,6;36,2
192;TH;Kyffhäuserkreis - Sömmerda - Unstrut-Hainich-Kreis II;;139;2459,6;258,2;127,1;254,1;105;14,1;4,4;9;13,1;36,4;22,9;7,2;11;28,9;29,4;-4,3;3,1;211,8;0,6;39,8;5,1;441,3;586,4;15,5;13,4;18,6;40,5;27,4;18,9;19,8;275,9;4,8;35,9;17,2;42,1
193;TH;Gotha - Ilm-Kreis;;109;1779;272;133,2;267;153;13,4;4,2;8,6;13,3;37;23,5;7,2;11,2;27;24,3;-1,2;1,3;219,4;0,8;60,2;5,5;471,1;586,5;14;12,4;19,5;40,5;27,6;16;16,7;309;2,7;37,5;21,6;38,2
194;TH;Erfurt;;1;269,1;201,3;96,9;196,9;748;13,1;3,8;9,2;14,1;37,4;22,3;7,7;10,1;32,4;38,4;-8,3;0,5;144,9;0,4;33,3;6;551;525,5;14,5;13,9;13,8;35,6;36,7;16,6;17,6;529,8;1,4;21,3;21;56,3
195;TH;Jena - Weimar - Weimarer Land;;81;1001,8;254,2;124,1;246,9;254;13,5;4,2;10;14,8;36,1;21,5;7,7;9,8;52,5;46,5;3,8;1,2;191,4;0,5;38,4;7,7;488;543,2;13,8;13,4;16,3;33,5;36,8;14,6;14,9;373,5;1,5;26,9;16,1;55,5
196;TH;Gera - Saale-Holzland-Kreis;;97;968,9;208,4;101,5;205,8;215;13;4,3;8,8;12,8;37,8;23,3;6,7;10,3;28,8;34,1;-9;1,7;136,4;0,6;37,2;7;508,4;580,8;14,4;13,4;17,9;40;28,7;16,3;16,9;335,8;2,2;27,7;21,5;48,7
197;TH;Greiz - Altenburger Land;;106;1412,5;240,8;116,8;237,9;171;12,7;4,1;8,4;12,4;36,7;25,7;6,3;11,6;21,1;25,9;-10,1;2,8;130,3;0,7;46,3;4,1;504,2;617,6;13,6;12,5;19,7;41,8;26;19,3;19,7;273,5;5;39,5;20,3;35,2
198;TH;Sonneberg - Saalfeld-Rudolstadt - Saale-Orla-Kreis;;151;2616,2;302,4;147,1;297,5;116;13,1;4,2;8,4;12,7;36,3;25,3;6,6;11,3;18,9;23;-8,8;2,4;130,3;0,9;71,2;4;463,7;630,6;14,4;13,3;18,5;44,2;24;15;15;300,7;3,5;44,2;16,5;35,9
199;TH;Suhl - Schmalkalden-Meiningen - Hildburghausen;;121;2250,2;267,9;131,4;264,2;119;13,4;4,5;8,8;12,9;37,1;23,3;6;11,3;22,9;25,7;-8,1;1,9;159;0,8;57,6;4,1;452,5;637,1;15,1;13,7;20;42,2;24,1;14,2;14;326,1;2,8;39,2;16,5;41,5
;TH;Land insgesamt;;1017;16171,9;2449,1;1197;2407,4;151;13,5;4,3;8,9;13,3;36,7;23,4;6,9;10,9;27,6;29,3;-5,6;2,1;157,2;0,7;51,9;5,3;473,8;593,5;14,5;13,1;18,2;41;27,7;16,2;16,5;330,7;2,9;34,8;18,5;43,8
200;RP;Neuwied;;181;1268,7;321,4;157,6;300,3;253;17,5;3,4;7,3;13,7;34,1;24;9,5;10,5;44,6;39,5;4,2;4,4;23,6;0,9;86,9;6,1;415,6;666,4;10;9,2;35,3;38,9;16,6;7,2;8,1;281,7;0,7;46,6;20,1;32,7
201;RP;Ahrweiler;;131;1337,1;247,6;121,5;233,2;185;16,6;3,2;7,1;14;35;24,1;9,5;10,4;42;36,4;4,7;6,3;27,1;0,6;57,3;7,7;435,1;675,5;9,5;10,4;34,2;34,3;21;7,2;7,6;254,2;1,4;35,8;20,5;42,3
202;RP;Koblenz;;63;634,9;254,4;122,4;235,5;401;14,2;2,7;7,5;15,2;34,2;26,2;9,8;11,8;60,5;67,4;-8,9;0,9;20,5;0,3;61,6;3,1;509,2;626,8;12,8;8,5;19,5;31,5;40,4;7,4;8,6;364,5;0,5;24,4;23,3;51,9
203;RP;Mosel/Rhein-Hunsrück;;277;2297,2;228,3;112,4;219,9;99;16,9;3,5;7,7;13,7;33,6;24,6;9,6;10,8;36,4;33,5;1,7;21,9;15,5;0,6;69,1;5,7;430,6;736,8;11,2;8,4;34,4;40,1;17,2;7,5;7,5;266;1,3;39,5;18,7;40,4
204;RP;Kreuznach;;215;1640,3;247,2;120,4;231,2;151;16,3;3,3;7,3;13,5;34,6;25;9,2;11,4;36,3;34,7;-0,5;8,9;24,2;0,6;63,3;4,8;446,1;671,3;10,7;11,5;36,7;30;21,8;9,1;9,3;279,1;1,6;37;19,5;41,9
205;RP;Bitburg;;401;3100,6;216,6;107;207;70;17,8;3,6;7,6;13,5;32,7;24,9;9,8;10,9;34,5;34,3;-0,9;23,4;29,9;0,6;62,9;6,9;436,8;758,2;12,3;6,9;33,2;37,4;22,5;6,8;6,8;263,4;1,1;43,6;18,9;36,4
206;RP;Trier;;104;1208;237,2;114,8;222,6;196;15,5;3,2;8,3;15,8;33,9;23,3;9,2;10;53,2;47,5;4,8;11,4;13,7;0,5;56;4,9;443,3;645,8;11,3;6;28,1;38,8;27,1;8,3;8;310,8;0,8;31,2;20,4;47,6
207;RP;Montabaur;;297;1508,4;275,1;136,3;256,5;182;17,3;3,4;7,5;13,8;34,5;23,5;9,7;10,6;42,2;36,2;5,1;6,1;26,8;0,9;70,5;7,6;417,8;702,6;10,5;10,1;37,1;34,5;18,3;6,2;6,8;266,7;1;46,7;19,7;32,6
208;RP;Mainz;;42;524,2;321,3;157;276,9;613;15,3;2,9;7,7;16,6;36,3;21,2;9,9;9,2;63,5;68,2;-4;8;12,4;0,3;64,6;5,5;475,2;750,4;10,1;7,1;28,9;31,7;32,3;6,2;6,6;426,9;0,7;25,9;20,5;53
209;RP;Worms;;95;876,5;258,3;127,1;238,7;295;17,1;3,4;7,7;14,4;35,9;21,6;9,8;10,5;51,7;43,4;7,6;13,4;18,1;0,4;46,2;6,1;429,9;685,5;11,6;8,4;29,8;38,9;22,9;8,2;8,5;214,4;1,6;33,8;23,4;41,2
210;RP;Ludwigshafen/Frankenthal;;20;314,8;311,9;153,8;261,5;991;15,6;3;7,2;14,4;36,1;23,6;9;10,3;51,5;51,3;-1,2;1,8;32,5;0,4;174;4,4;465,4;610,9;9,2;11,4;33,8;34,8;20;7,6;7,7;398,4;1,3;54,9;14,6;29,3
211;RP;Neustadt - Speyer;;57;866;283,8;137,8;262,8;328;16;3,2;6,9;13,6;36,1;24,3;9,4;11,4;49,8;45,3;2,5;8,5;10,8;0,5;48,2;6,6;459,8;682;10,6;9,2;27;32,9;30,8;7,2;7,1;254,2;1,3;30,5;20,8;47,3
212;RP;Kaiserslautern;;208;1696;310,7;153,4;290,3;183;15,9;3,2;7,7;14,2;34,9;24,1;9,1;10,9;47,5;47,7;-2;6,1;36,7;0,5;89,4;5;462,7;646,5;12,2;9;31,1;35,7;24,2;10,4;10,5;284,4;0,6;36,8;17,4;45,2
213;RP;Pirmasens;;108;1388,2;244,1;119,5;230,9;176;16,4;3,3;7,1;13,2;34,8;25,1;8,9;11,5;42,4;42,3;-2,5;4,5;30,6;0,6;62,5;6,4;461,4;673,1;9,1;12,1;34,2;35,5;18,2;9,8;9,3;265,3;0,9;40;20,1;39
214;RP;Südpfalz;;107;1186,1;272,8;134,2;251,9;230;17;3,4;7,5;14,8;35,6;21,9;9,9;9,4;51,8;45,4;6,9;13,3;11,7;0,5;87,6;7,1;425,1;710,8;10,7;9,4;27,2;42;21,4;7,1;7,1;280,6;1,1;39,6;21,4;37,9
;RP;Land insgesamt;;2306;19847,1;4030,8;1975,3;3719,1;203;16,4;3,3;7,4;14,3;34,9;23,7;9,5;10,5;47,2;44,7;1,4;8,8;20,2;0,6;76,6;6;445,7;683,8;10,6;9,2;31,9;35,9;23;7,7;7,9;297,4;1;37,7;19,7;41,5
215;BY;Altötting;;72;1843,4;327,1;160,2;303,8;177;17,3;3,2;7,4;14,7;35,5;21,8;10,5;9,3;47,9;40,3;8,7;15,7;21,1;0,6;92,4;6,3;418,7;699,3;10;10,8;39,2;31,5;18,5;5;5,6;296,7;0,9;47,7;19,4;32,1
216;BY;Freising;;55;2013,4;331,1;165,8;299,3;164;18,5;3,3;7,6;16,8;35,7;18;12;7,6;58,8;45,7;17,5;18,8;21,7;0,5;51,7;8,3;383,6;742;9,6;8,3;41,8;36,9;13,1;3,8;4,2;325,4;0,9;32,1;32,8;34,2
217;BY;Fürstenfeldbruck;;40;1013,8;319;156,6;287,4;315;16,5;2,9;7,1;15,2;37,9;20,5;10,3;8,5;53,4;43,1;12,1;6,7;29;0,5;33,7;5,9;427,7;656,8;8,5;6,8;33,6;33,8;25,9;4;4,3;203,1;0,8;32,7;25,5;41
218;BY;Ingolstadt;;49;2087,5;321,8;159,6;291,4;154;17,9;3,5;8,2;15,1;34,4;20,9;10,9;8,8;52,7;42,6;12,3;14,2;23,6;0,6;151,3;8,3;406,8;732,4;12,1;8,7;38,6;36,5;16,1;5,4;5,8;383,4;0,6;53,2;15,9;30,3
219;BY;München-Nord;Erläuterungen siehe Vorbemerkungen;1;87,4;297,5;143,5;222,7;3403;12,7;2,3;7,5;18;36,9;22,6;10,4;9,8;74,8;70,6;4,7;0,2;28,3;0,3;103,6;4,8;583,1;651,2;9,2;9,7;28,7;34;27,6;5,1;5,7;579,3;0,2;25,6;18;56,2
220;BY;München-Ost;Erläuterungen siehe Vorbemerkungen;1;79,8;306,6;146,6;239,7;3840;12,7;2,3;7,5;18;36,9;22,6;10,4;9,8;74,8;70,6;4,7;0,2;28,3;0,3;103,6;4,8;583,1;651,2;9,2;9,7;28,7;34;27,6;5,1;5,7;579,3;0,2;25,6;18;56,2
221;BY;München-Süd;Erläuterungen siehe Vorbemerkungen;1;52,5;279,9;131,8;221,1;5328;12,7;2,3;7,5;18;36,9;22,6;10,4;9,8;74,8;70,6;4,7;0,2;28,3;0,3;103,6;4,8;583,1;651,2;9,2;9,7;28,7;34;27,6;5,1;5,7;579,3;0,2;25,6;18;56,2
222;BY;München-West/Mitte;Erläuterungen siehe Vorbemerkungen;1;90,8;310,5;149,4;238,3;3421;12,7;2,3;7,5;18;36,9;22,6;10,4;9,8;74,8;70,6;4,7;0,2;28,3;0,3;103,6;4,8;583,1;651,2;9,2;9,7;28,7;34;27,6;5,1;5,7;579,3;0,2;25,6;18;56,2
223;BY;München-Land;;43;1084,3;332,2;164,8;293,8;306;14,9;2,6;7,3;15,4;38,6;21,2;9,7;8,1;86,2;73,5;14,3;2,3;31,6;0,8;97;6,9;444,7;737,9;7,1;5,7;26,1;28,3;39,9;3,7;4;502,5;0,7;28,1;28;43,3
224;BY;Rosenheim;;47;1476,6;292,2;142,8;266,8;198;17,3;3,2;7,4;15,1;35,3;21,7;10,5;9,9;55;44,6;11;13,4;18,1;0,6;65,9;6,6;424,7;701,1;10,9;9,2;36,8;36,5;17,4;4,8;5,2;309,6;0,8;37;21,7;40,6
225;BY;Starnberg;;52;2462,2;328,5;157,4;299,7;133;16,1;3;7,1;14,6;36,1;23,2;9,5;9,7;57,3;46,7;10,5;10,2;22,7;0,6;57,8;6,6;440,4;726,2;9,6;7;32,9;35,8;24,3;4,5;4,8;285,7;1,1;35;19,7;44,3
226;BY;Traunstein;;54;2454,6;271,1;130,2;250,7;110;16,3;3,3;7,4;14,3;33,9;24,8;9,3;10,5;38;31,5;5,2;18,5;17,7;0,6;71,9;5,3;468,9;716,5;11,1;7,1;41,3;35;16,6;5,5;6,4;302,1;0,9;40,5;21,1;37,6
227;BY;Weilheim;;87;2783;316,1;155,1;293;114;17,5;3,1;7,3;14,7;35;22,4;10,4;9,9;55;47,4;7,9;14,7;22,6;0,5;58;7,4;446;723,6;10,4;6,8;37,2;36,5;19,5;4,3;4,6;279;1,1;38,5;17,9;42,5
228;BY;Deggendorf;;51;1845,3;197,7;96,8;190,7;107;17,3;3,6;8;14,9;34,6;21,5;10,4;9,4;35,1;31,1;5;24,2;16,3;0,8;92,6;6,9;422,1;744,9;12,2;8,6;41,7;32;17,7;7,5;8,7;295;0,7;49,5;17,4;32,5
229;BY;Landshut;;60;2480,6;307,8;151,6;287,5;124;17,5;3,4;7,9;15,3;34,8;21,1;10,7;9,3;48,7;40,2;10;19,4;23,4;0,7;86,3;8,1;425,2;735,3;11,4;8,3;38,3;37,3;16,1;5,2;5,8;306,1;1,1;43,5;19,2;36,2
230;BY;Passau;;39;1599,8;235,9;114,6;224,7;147;16,2;3,4;8,6;15,2;34,1;22,5;9,8;10,2;39,7;34,8;4,5;19,2;19,5;0,8;90,2;8,2;430,5;725;12;8,6;39;36,1;16,4;8,8;9,1;323,9;0,5;40,6;19,9;39
231;BY;Rottal-Inn;;46;2158,9;207,7;102,5;197;96;17,7;3,6;7,9;14,5;33,9;22,4;10,5;10,1;32,4;26,4;6,3;31,5;20,6;0,8;166,1;7;399,9;794,7;11,7;10,2;46,8;29,4;13,6;5,2;5,8;347,5;0,8;60,9;14;24,3
232;BY;Straubing;;62;2244,9;221;109;209,3;98;16,8;3,5;7,9;15;34,5;22,3;9,6;10,6;41,4;36,9;3,4;24,5;18,7;0,7;72,8;8,1;433,8;729,5;11,9;8,8;40,6;32,5;18;7,1;8,1;282,5;1,1;43,4;19,5;36
233;BY;Amberg;;47;2649,4;277,1;136,1;265,7;105;18,2;3,6;7,8;14,8;33,9;21,7;10,7;9,3;40;33,5;7,9;20,2;20,6;0,7;90,9;7,2;407,8;715,8;11,6;9,6;42,9;29,6;18;6,8;7,4;306,4;0,6;49,9;18;31,5
234;BY;Regensburg;;42;1476,5;299,4;146,2;279,6;203;15,8;3,1;7,9;16,4;35,8;21;10,2;9,1;56,2;49,3;7,9;9,7;25,6;0,5;119,9;6,7;472,2;705,5;9,8;8,7;38,3;30,9;22,1;6,9;7,4;408,2;0,4;38,8;20,7;40,1
235;BY;Schwandorf;;72;2982,9;273,8;135,6;265,3;92;17,2;3,6;8;14,7;33,9;22,5;10;10,3;25,4;21,9;3,2;24,8;18,5;0,9;94;7,3;411,4;780,7;12,2;8,6;41,3;34,1;16;6,5;7,3;299,4;0,8;51,6;16,9;30,7
236;BY;Weiden;;65;2583,4;224,2;109,4;216,3;87;17,5;3,6;7,8;14,4;33,4;23,3;10;10,7;31,1;31,5;-1,1;18,2;23,5;0,9;99,3;5,5;439,4;729,2;12,1;7,5;39,1;36,8;16,7;7,4;8,3;311,1;0,7;48,5;19,9;30,9
237;BY;Bamberg;;37;1017,2;223,4;108,5;211,1;220;17,6;3,5;8;15,1;34,6;21,2;10,4;9,7;42,6;38,7;4,7;16,5;14,9;0,6;94,7;7,4;424,5;716,3;12,1;8,6;38,1;33,6;19,6;7,4;7,7;370,6;0,7;45,1;20,1;34
238;BY;Bayreuth;;44;1647,5;211,2;103;199,4;128;15,4;3,1;8,9;15,3;34,1;23,2;9,1;10,7;61,3;57,4;2,4;14,6;20,6;0,7;82;5,2;456,2;703,7;11,3;7,7;35,5;36,3;20,5;8;9,4;329,3;0,7;37,1;20,6;41,6
239;BY;Coburg;;36;1290;211,5;102,8;201,2;164;15,9;3,3;7,3;14,2;34,3;24,9;9;11,5;36,1;35,3;-1,7;10,2;24,7;1,6;181,5;4,6;451;688,9;10,8;12;38,3;31,4;18,4;7,9;9,2;406,7;0,5;55,9;14,8;28,8
240;BY;Hof;;45;1556,9;247,5;118,2;231,2;159;14,9;3,1;7;13,4;34;27,7;8,6;13,1;35,2;36,3;-5,6;9,1;32,6;1,2;135,9;3,3;490,9;685;10,7;10,2;36,9;35,7;17,2;10,5;11,8;355,3;0,4;48,8;20;30,7
241;BY;Kulmbach;;52;1718,4;220,4;108,1;212,6;128;16,1;3,4;7,6;14,4;34,5;24,1;9,5;10,8;29,1;26,6;1,3;17,3;21,6;1,2;125,3;6,7;433,8;735,2;9,6;11,1;39,6;34;15,4;7,7;9,4;276,4;0,6;49,3;21,4;28,7
242;BY;Ansbach;;86;3042,9;317,5;155,5;298,3;104;18,2;3,6;7,9;14,2;33,4;22,7;10,4;10;36,6;32,1;4,9;23,6;22,2;0,9;105,1;7;412,3;758,1;12;8,1;41,6;34,2;16,2;5,8;6,4;315,9;0,7;48,5;17,5;33,3
243;BY;Erlangen;;26;641,3;228,9;112,8;206,9;357;16,4;3,3;7,8;15,9;36,3;20,3;10,1;8;65,5;63,9;3,6;5,9;17,3;0,5;182,3;6,1;454,7;659,2;10,7;8,7;31,7;29,3;30,3;6;5,8;463,1;0,3;50,7;12,8;36,1
244;BY;Fürth;;53;1638,4;321,3;156,9;295,1;196;16,7;3,2;7,1;14,6;36,1;22,3;10;10,4;58,7;55,4;2,9;11,7;24;0,7;69;5,6;452,5;682,5;10,6;8,9;41,8;30,5;18,8;6,6;7,1;277,8;1;39;23,5;36,5
245;BY;Nürnberg-Nord;Erläuterungen siehe Vorbemerkungen;1;85,4;267,1;128;212;3127;13,2;2,5;7,6;16,1;35,4;25,2;9,1;11,9;57,4;55,6;-1,1;0,6;11,3;0,6;122,1;3,4;521,9;573;10;13,7;37,9;28,3;20,1;10,1;11;545,8;0,3;30,1;24;45,6
246;BY;Nürnberg-Süd;Erläuterungen siehe Vorbemerkungen;2;141,8;257,5;123,7;220,7;1816;15,7;3;7,5;14,8;35,6;23,4;9,8;9,9;64,9;58,2;6,5;2;15,9;1,2;103,3;7,6;474,1;715,6;16,7;7,9;28,5;41,8;21,8;5;5,5;355,1;0,8;45,5;21,2;32,5
247;BY;Roth;;43;1695,2;291;143;272,9;172;17,1;3,3;7,1;14,4;36;22,1;9,6;10,2;38,6;32,2;5,9;12,4;16,6;0,8;85,9;5,5;414,9;726,5;9,3;9,8;39,2;34,2;16,9;5,2;5,7;256,6;0,8;46,2;20,7;32,4
248;BY;Aschaffenburg;;33;762,1;240,8;118,3;218,7;316;17,1;3,4;7,5;14,8;35,4;21,8;10;8,9;45,2;42,9;3,4;3,5;18,5;0,8;109,1;6,3;427,5;683;10,4;10,1;40,8;32,4;16,7;5,9;6,5;362,1;0,6;43,5;24,1;31,8
249;BY;Bad Kissingen;;89;3115,2;284,9;140,7;276,6;91;17,8;3,9;7,7;14;33,5;23,2;9,5;10,4;30,2;28,4;0,9;19,2;23,9;0,7;89,6;5,9;413,2;732,8;12,4;8,2;45,4;32,3;14;7,6;8,1;292,7;1;46,4;16,5;36
250;BY;Main-Spessart;;72;2037,1;262,6;130,3;241,8;129;18,1;3,6;7,8;14,4;34,2;22;10;8,9;28,4;27,4;2,1;9,7;22,2;0,9;122,8;6,2;409,1;697,5;11,1;8,6;41,3;34,7;15,3;5,6;6;299,8;0,9;59,4;14,7;25
251;BY;Schweinfurt;;61;1559,8;259,5;127,4;242,5;166;17,4;3,5;7,5;14,1;34,1;23,3;9,4;9,6;41,8;40,5;1,2;17,7;20,1;0,6;114,3;5,3;426;693;12,6;8,9;35,6;34,3;20,7;7,4;7,7;354,4;1,1;44,2;20;34,7
252;BY;Würzburg;;53;1055,1;286;137,3;264,5;271;15,1;3,1;9;16;34,7;22,1;9,3;9,4;74,2;65,4;8,7;8,9;24;0,5;61,1;5,5;469,6;643,9;10,3;6,3;33,6;35,7;24,1;5,9;6,1;370,5;0,7;26,1;25,6;47,6
253;BY;Augsburg-Stadt;;2;165,1;281,2;134,8;233,4;1703;14,2;2,7;7,8;16,2;33,9;25,3;10,1;12;60,4;57,5;1;0,4;28,3;0,6;130;3;531,8;548,9;11,8;9,7;37;29;23,8;7;8,2;473,5;0,2;35,2;18,6;46
254;BY;Augsburg-Land;;64;1638,5;315,4;155,4;294,9;192;18,6;3,5;7,5;14,8;35,8;19,9;10,4;8,1;43,9;37;9,2;11,5;24,1;0,7;71,3;6,7;413,9;712,6;9,2;9,8;44,2;33,5;12,5;4,7;5;234,9;1;48,1;23,7;27,3
255;BY;Donau-Ries;;76;2261,7;237,7;118,1;224,5;105;18,7;3,6;8,2;14,8;33,4;21,4;11;10,3;29,1;25,9;3,9;22,6;24;0,9;124,4;7,9;409,7;750,4;12,6;9;37,3;39,4;14,3;4,1;4,8;314,2;1,2;54;18,8;26
256;BY;Neu-Ulm;;70;1683,8;313,6;155,5;281,3;186;17,7;3,6;8;15,1;34,7;21;10,8;9,4;39,5;36,6;4,4;10;22,8;0,9;114,1;6,9;425,1;709,1;12,1;10,2;36,7;37,3;15,8;5,5;6,2;318;0,7;48,4;22,3;28,5
257;BY;Oberallgäu;;48;1914,8;284,9;137,1;258,1;149;17;3,1;7,4;14,5;34,1;23,8;10,6;10,5;46,6;43,4;3,2;15,2;19,3;0,6;86,1;7,1;498,5;708,7;10,7;9,4;38,4;35,7;16,5;5,4;6,1;335,6;0,7;40,8;20;38,5
258;BY;Ostallgäu;;80;2328,4;312,8;151,9;289,9;134;18;3,5;7,7;14,3;33,4;23,1;10,9;10,3;43,5;37,5;6,6;20,1;22,4;0,9;92,6;7,4;445,1;732,5;11,9;8,5;41;35;15,2;5,1;5,7;339;1;46,9;18,2;33,9
;BY;Land insgesamt;;2056;70547,8;12155;5932,9;11031,7;172;16,4;3,2;7,7;15,3;35,1;22,4;10,1;9,8;49,9;44,6;5,6;12,7;21,4;0,7;98;6,2;453,1;700,6;10,7;9;37,9;33,8;19,2;6;6,6;361,7;0,6;39,9;20,1;39,3
259;BW;Stuttgart I;Erläuterungen siehe Vorbemerkungen;1;113,8;280,3;136,4;217,2;2464;13,2;2,5;8,1;18;35,4;22,8;9,5;9,5;67,5;66,7;0,8;0,5;8,2;0,5;150,9;3,6;494,7;576,1;8,8;9,3;27;29;33,8;6,3;6,6;613,9;0,3;31,9;16,1;51,7
260;BW;Stuttgart II;Erläuterungen siehe Vorbemerkungen;1;93,6;302,1;148,5;222,5;3228;13,2;2,5;8,1;18;35,4;22,8;9,5;9,5;67,5;66,7;0,8;0,5;8,2;0,5;150,9;3,6;494,7;576,1;8,8;9,3;27;29;33,8;6,3;6,6;613,9;0,3;31,9;16,1;51,7
261;BW;Böblingen;;26;617,8;362;179,2;301,8;586;17,3;3,2;7,8;15,8;35,8;20;10,9;7,5;49,5;45;7,9;3;21;0,7;193,5;6,5;436,2;694,5;10,8;8,8;30,1;36,8;24,2;5,2;5,1;436,5;0,4;54,3;15,4;29,9
262;BW;Esslingen;Erläuterungen siehe Vorbemerkungen;15;208,7;232,9;114,4;193,3;1116;16,5;3,1;7,5;15,4;35,7;21,8;10,6;8,8;42;37,4;6,3;2,5;16,6;1;137,1;5,6;455,1;689,8;10,2;7,7;31,1;38,4;22,3;4;4,2;375,2;0,5;53,2;17,7;28,6
263;BW;Nürtingen;Erläuterungen siehe Vorbemerkungen;29;432,7;264,9;130,3;229,5;612;16,5;3,1;7,5;15,4;35,7;21,8;10,6;8,8;42;37,4;6,3;2,5;16,6;1;137,1;5,6;455,1;689,8;10,2;7,7;31,1;38,4;22,3;4;4,2;358,9;0,7;45,5;22,6;31,2
264;BW;Göppingen;;38;642,3;256,1;125,7;219,9;399;17,2;3,4;7,7;14,6;34,3;22,8;10,3;9,7;31,2;28,1;3,6;4,8;24,1;1;117,7;4,8;436,4;669,2;10,7;6,8;31,1;41;20,7;4,7;4,7;316;0,6;51,7;17,3;30,5
265;BW;Waiblingen;;18;513,4;306,6;150,4;262,3;597;17,1;3,2;7,4;15,2;35,3;21,8;10,5;8,7;40,7;35,4;7;5,8;11,6;0,9;112;5,4;446,3;676;10,2;9,2;26,7;41,9;21,7;4,6;5;336,5;1;47,5;17,8;33,7
266;BW;Ludwigsburg;Erläuterungen siehe Vorbemerkungen;15;339,3;292,4;144,2;241,1;862;17;3,1;7,5;15,5;35,7;21,1;10,8;8,1;50,9;46;7,6;4,8;13,8;0,9;114,8;5,8;449,5;666,4;10,2;8;28,5;41;22,5;4,5;4,4;374;0,9;42,4;23;33,7
267;BW;Neckar-Zaber;Erläuterungen siehe Vorbemerkungen;38;619,1;290,1;143;251,9;469;17;3,1;7,5;15,5;35,7;21,1;10,8;8,1;50,9;46;7,6;4,8;13,8;0,9;114,8;5,8;449,5;666,4;10,2;8;28,5;41;22,5;4,5;4,4;272,3;1,3;55,6;19,6;23,5
268;BW;Heilbronn;;33;928,3;350;172,8;298,3;377;17,8;3,4;7,8;15,3;34,5;21,2;10,9;9;53,2;47,7;7,4;9,1;15;0,9;122,4;6,9;433,5;706,8;11,2;7,8;34,5;39,6;18,2;5,7;5,9;395,5;0,8;45,9;20,1;33,1
269;BW;Schwäbisch Hall - Hohenlohe;;46;2260,7;291,7;143,9;270,9;129;18,7;3,8;8,2;14,6;33,5;21,2;11;9,3;41,2;37,1;5,7;18,2;22,8;1,1;129;6,3;412;761;12,4;8,6;37,4;38,9;14,9;4,8;5,5;362,9;0,9;50;20,6;28,6
270;BW;Backnang - Schwäbisch Gmünd;Erläuterungen siehe Vorbemerkungen;34;838,7;242,9;119,5;215,4;290;18;3,6;8,2;14,6;33,4;22,3;10,8;9,9;28,9;29,4;0,3;8,7;24,2;0,9;141,2;5,1;424,8;679,7;12,5;7,5;36;38,9;17,5;6,1;6,5;284,1;0,8;52,4;15,8;30,9
271;BW;Aalen - Heidenheim;Erläuterungen siehe Vorbemerkungen;32;1644,8;307,9;151,5;280;187;18;3,6;8,2;14,6;33,4;22,3;10,8;9,9;28,9;29,4;0,3;8,7;24,2;0,9;141,2;5,1;424,8;679,7;12,5;7,5;36;38,9;17,5;6,1;6,5;357,7;0,7;57,4;13,8;28,1
272;BW;Karlsruhe-Stadt;;1;173,5;277,2;134,8;237,9;1598;13,3;2,5;7,9;17,4;34,9;24;9,3;11,6;78,6;74;2,4;0,4;22,3;0,6;84,9;2,4;500,6;581,5;8,8;8,8;24,8;35,2;31,2;7,3;7,9;546,5;0,2;24,3;22,7;52,8
273;BW;Karlsruhe-Land;Erläuterungen siehe Vorbemerkungen;21;718,4;271;133,2;247;377;17;3,3;7,2;14,5;36,4;21,6;10,3;9,2;41,3;34,8;7,6;3,3;27,3;0,8;91,7;5,7;421,2;673,2;10,2;6,7;29,6;45,2;18,5;4,9;5,2;295,1;0,7;43;16,5;39,9
274;BW;Rastatt;;24;879;276,2;133,4;250,8;314;15,9;3,2;7,1;14;35,3;24,5;9,3;10,1;86,2;80,2;5,2;5;11,7;0,8;148;4,3;459,6;697,7;10,4;7,7;36,8;35,7;19,8;5;5,6;380,4;0,8;52,2;14,8;32,3
275;BW;Heidelberg;;12;305,6;293;140,3;255,1;959;12,4;2,3;10,4;20,2;34,5;20,2;8,8;9,4;99,6;96,3;2,8;0,9;15,6;0,5;81;3,9;480,7;491,8;10,9;5,6;25,4;24,8;43,7;6,6;6,6;398,8;0,4;29,6;17,8;52,1
276;BW;Mannheim;;1;145;307,7;151,1;241,2;2123;13,8;2,6;7,8;16,7;35,9;23,2;9,6;11,1;54,3;56,6;-3,8;0,4;27,1;0,5;148,8;3,6;525,6;551,6;9,7;11;33,5;31,7;23,2;11;11;548,7;0,3;34,8;21,8;43,1
277;BW;Odenwald - Tauber;;45;2430,8;286,1;141,5;268,3;118;17,5;3,6;7,9;14,5;33,9;22,7;9,7;10,3;34,1;31,8;1,7;14,7;28;1;104,2;5,3;413,7;706,9;11,7;6,6;36,2;38,6;18,6;5,4;5,9;301;0,7;50,8;13,4;35,1
278;BW;Rhein-Neckar;;34;724,9;261,1;128,4;233,9;360;16,2;3,1;7,2;14,9;36,5;22,1;9,6;9,2;45,5;41,4;4,5;2,9;25,3;0,6;79,6;5,6;449,4;662,5;9,5;8,4;33,2;34,9;23,4;6,2;6,2;293,9;0,6;43;15,7;40,7
279;BW;Bruchsal - Schwetzingen;Erläuterungen siehe Vorbemerkungen;20;506,6;253;124,4;226,3;500;17;3,3;7,2;14,5;36,4;21,6;10,3;9,2;41,3;34,8;7,6;3,3;27,3;0,8;91,7;5,7;421,2;673,2;10,2;6,7;29,6;45,2;18,5;4,9;5,2;262,2;0,6;43,6;21,3;34,6
280;BW;Pforzheim;;29;671,8;308,8;150,1;268,1;460;17,2;3,3;7,4;14,5;35;22,6;10,4;9,4;48,2;45,5;3,7;2,4;27,4;1,4;127,5;3,8;449,4;631,8;10,8;7,8;34,1;37,1;20,3;6,1;6,2;340,7;0,6;52,8;19,2;27,4
281;BW;Calw;;42;1668,2;279,4;136,7;248,9;167;18,3;3,5;8;14,8;33,6;21,8;10,8;9,3;76,3;71,3;6,4;7,6;18;0,9;91,2;4,9;433,4;672;10,8;8,2;39,9;40,6;11,3;4,3;5;292,9;1,1;45;16,5;37,5
282;BW;Freiburg;;20;452,9;282,7;135,6;250,7;624;13,4;2,5;10,1;19,4;34,4;20,1;9,8;9,1;98,3;91,7;7,3;1,8;9,9;0,5;69;6,7;473,6;494,6;10,6;7,2;22,3;34,3;35,6;8,6;8,7;412;0,5;25,4;21,6;52,5
283;BW;Lörrach - Müllheim;;55;1155,1;297,8;144,5;266,4;258;17,6;3,4;7,3;14,7;35,2;21,8;10,3;9,1;48;43,4;5,8;14,7;11,6;0,7;89;6,3;433,4;672,9;10,2;7,3;36,1;38,9;17,7;5,8;5,7;308,9;0,8;47;17;35,2
284;BW;Emmendingen - Lahr;;41;1194,5;270,8;132,3;253,4;227;17,7;3,5;7,5;14,5;35,5;21,3;10,2;8,6;41,8;34,4;9,1;18,1;8,8;0,9;87,9;7,7;425,1;685,6;11,1;8,7;37,7;37,8;15,8;5,2;5,5;304,9;0,9;51,6;16,9;30,6
285;BW;Offenburg;;29;1104,6;264,1;128,9;244,3;239;17,9;3,5;7,6;14,6;34;22,4;10,2;9,5;28,2;24,1;4,8;14,8;10,2;1,1;123,5;5,2;427,1;694,6;12,1;7,8;36,5;37,3;18,3;4,9;5,4;384,9;0,8;42;24,4;32,8
286;BW;Rottweil - Tuttlingen;;57;1503,8;272,9;134,2;246,5;181;18,5;3,6;7,9;14,4;33,2;22,5;10,9;9,5;35,9;32,5;4,9;8,8;24,1;1,6;160;5;425,5;697,4;11,5;7,8;38;37,4;16,8;4,6;4,9;356,3;0,4;60,9;15,2;23,4
287;BW;Schwarzwald-Baar;;25;1266,8;230,8;112,5;204,9;182;17,1;3,5;7,7;13,8;33,8;24,1;9,9;10,3;36,6;34,2;2,1;8;24,1;1,3;135,8;7,2;454,3;676,5;12,3;7,5;33;41,1;18,5;4,7;5,4;375,3;0,5;50;16,3;33,2
288;BW;Konstanz;;25;817,8;264,5;128,3;232,9;323;15,6;3;7,9;15,7;35;22,8;9,2;10,1;48,7;42,7;5,1;5,5;24,5;0,6;91,9;5,8;464,9;629;9,9;7,5;33,9;37,6;21;7;7,1;315,5;1,1;39,6;19;40,3
289;BW;Waldshut;;50;1861,4;241,8;117,8;218,8;130;18,2;3,7;7,5;14,5;33,8;22,4;10,1;8,8;34,4;33,5;2,1;13,6;18,4;0,7;84,3;6,1;440;697,7;12,5;7,6;41,8;35,9;14,7;6,2;6;272,8;1;45,3;17,4;36,3
290;BW;Reutlingen;;27;1094,2;276,7;135,1;240,2;253;17,3;3,3;7,8;15,3;34,3;21,9;10,7;8,9;46,2;42,6;5,3;6,7;23,5;1;122,1;5,2;427,7;685,5;10,6;8,2;34,1;35,1;21,9;4,8;4,8;351,5;0,9;48,4;18,9;31,8
291;BW;Tübingen;;21;788,9;257,3;126,9;225,2;326;17,4;3,3;8,6;17,1;35,9;17,6;11,1;7,1;58;55,4;6,6;4;24,3;0,7;77,1;6;428,2;611,4;11,6;6,3;28,4;35,7;29,7;5,3;5,4;299,4;0,6;37,4;16,1;45,9
292;BW;Ulm;;56;1476;300,9;148,6;262,6;204;17,6;3,5;8,4;15,6;33,9;21;11,1;8,8;56,1;52,1;6,3;10,6;25,7;0,9;129,5;5,7;424,8;667,9;11,9;8;33,3;36,8;21,9;5,2;5,8;404,8;0,5;40,3;21,9;37,3
293;BW;Biberach;;59;2423,4;311,9;153,8;290,6;129;19,1;3,7;8;15,3;33,4;20,6;11,5;8,8;35,5;32,5;5,6;15,3;24,7;0,8;117,1;6,3;411,9;712,5;12,7;6,4;35,7;40,8;17,1;4,4;4,7;319,4;1;51,7;17,1;30,2
294;BW;Ravensburg - Bodensee;;37;1152,5;323,2;158;291,1;280;17,2;3,5;7,6;14,5;35,1;22,1;10;9;58,5;51,3;8,3;11,9;15;0,7;135,3;6,3;462;705,1;12,1;7;26,2;43,9;22,9;5,7;5,9;359,9;0,8;45,2;16,1;37,8
295;BW;Zollernalb - Sigmaringen;;55;1982,8;287;142,1;261,4;145;18,2;3,6;7,8;14,7;33,5;22,1;10,3;9,2;35,1;33,6;2,6;11;25,5;1,3;126,1;5,8;416,6;722;12;6,9;36,2;40,5;16,4;6,2;6,2;319,1;1;53,3;16,5;29,2
;BW;Land insgesamt;;1111;35751,4;10475,9;5132,4;9170,8;293;16,8;3,3;7,8;15,4;34,8;21,9;10,3;9,3;49,2;45,5;4,8;7,2;19,4;0,9;119;5,4;444,5;664,8;10,8;7,8;33;37,9;21,1;5,6;5,8;368,7;0,7;44,2;18,2;37
296;SL;Saarbrücken;;6;325,3;285,8;136,7;251,1;879;14,1;2,8;7,2;14,3;36,3;25,3;8,5;12,5;34;34,4;-4,4;0,6;26,8;0,5;100,2;3;495,9;630,6;9,9;11,8;27,8;34,5;24,6;13,1;12,6;468,5;0,2;28,8;19,9;51
297;SL;Saarlouis;;18;891,3;279,3;135,4;258,8;313;15,7;3,3;7,3;13,4;35,8;24,4;8,3;11,6;32,5;30;-0,8;3;36,8;0,5;110,1;5,7;425,9;679,7;11;10,4;29,2;38,6;20,9;9,3;8,4;306;0,6;48,8;20,8;29,8
298;SL;Sankt Wendel;;16;801,5;236,8;116,4;224,2;295;15,5;3,2;7,1;13,2;35,7;25,3;8,1;12,1;27,9;27,8;-3,9;2,4;40,8;0,4;59,5;3,7;446,3;674,6;9,7;11,9;33,5;34,3;19,5;8,2;8,5;188,6;0,5;37;21,2;41,3
299;SL;Homburg;;12;552;269,7;130,8;249;488;15;3,2;7,2;13,4;35,7;25,5;8,5;11,1;37,5;34,8;0,1;2,1;39,1;0,7;136,8;3,9;452,3;685,8;10,2;10;26,2;35,2;28;8,1;8;356,3;0,4;47,5;18;34,1
;SL;Land insgesamt;;52;2570,1;1071,5;519,3;983,2;417;15;3,1;7,2;13,7;35,9;25,1;8,3;11,9;32,7;31,7;-2,5;1,9;37,2;0,5;99,3;4,1;457,4;663,3;10,2;11,1;29,2;35,9;22,8;10,1;9,7;336,1;0,4;39,5;19,8;40,3
;Deutschland;Insgesamt;;13416;357020,2;82163,5;40090,8;74822,2;230;15,7;3,3;7,8;14,8;35,4;23;9,4;10,3;43,8;41,3;1,5;5,7;36,3;0,6;78;5,8;462,3;625,2;11,1;9,1;25,9;40,4;23,7;10,3;10,6;340,5;1,1;35,3;20,8;42,8
