"district_number","district_name","year","federal_state","flag_new_name","flag_eligible_changed","flag_renumbered","district_type"
30,"Cuxhaven - Stade II",2009,3,TRUE,FALSE,FALSE,"new_name"
31,"Stade I - Rotenburg II",2009,3,TRUE,FALSE,FALSE,"new_name"
35,"Osterholz - Verden",2009,3,TRUE,FALSE,FALSE,"new_name"
36,"Rotenburg I - Soltau-Fallingbostel",2009,3,TRUE,FALSE,FALSE,"new_name"
37,"Harburg",2009,3,TRUE,FALSE,FALSE,"new_name"
38,"Lüchow-Dannenberg - Lüneburg",2009,3,FALSE,TRUE,TRUE,"eligible_changed|renumbered"
39,"Osnabrück-Land",2009,3,FALSE,FALSE,TRUE,"renumbered"
40,"Stadt Osnabrück",2009,3,FALSE,FALSE,TRUE,"renumbered"
41,"Nienburg II - Schaumburg",2009,3,FALSE,FALSE,TRUE,"renumbered"
42,"Stadt Hannover I",2009,3,FALSE,FALSE,TRUE,"renumbered"
43,"Stadt Hannover II",2009,3,FALSE,FALSE,TRUE,"renumbered"
44,"Hannover-Land I",2009,3,FALSE,FALSE,TRUE,"renumbered"
45,"Celle - Uelzen",2009,3,FALSE,FALSE,TRUE,"renumbered"
46,"Gifhorn - Peine",2009,3,FALSE,FALSE,TRUE,"renumbered"
47,"Hameln-Pyrmont - Holzminden",2009,3,FALSE,FALSE,TRUE,"renumbered"
48,"Hannover-Land II",2009,3,FALSE,FALSE,TRUE,"renumbered"
49,"Hildesheim",2009,3,FALSE,FALSE,TRUE,"renumbered"
50,"Salzgitter - Wolfenbüttel",2009,3,FALSE,FALSE,TRUE,"renumbered"
51,"Braunschweig",2009,3,FALSE,FALSE,TRUE,"renumbered"
52,"Helmstedt - Wolfsburg",2009,3,FALSE,FALSE,TRUE,"renumbered"
53,"Goslar - Northeim - Osterode",2009,3,FALSE,FALSE,TRUE,"renumbered"
54,"Göttingen",2009,3,FALSE,FALSE,TRUE,"renumbered"
55,"Bremen I",2009,4,FALSE,FALSE,TRUE,"renumbered"
56,"Bremen II - Bremerhaven",2009,4,FALSE,FALSE,TRUE,"renumbered"
57,"Prignitz - Ostprignitz-Ruppin - Havelland I",2009,12,FALSE,FALSE,TRUE,"renumbered"
58,"Uckermark - Barnim I",2009,12,FALSE,FALSE,TRUE,"renumbered"
59,"Oberhavel - Havelland II",2009,12,FALSE,FALSE,TRUE,"renumbered"
60,"Märkisch-Oderland - Barnim II",2009,12,FALSE,FALSE,TRUE,"renumbered"
61,"Brandenburg an der Havel - Potsdam-Mittelmark I - Havelland III - Teltow-Fläming I",2009,12,FALSE,FALSE,TRUE,"renumbered"
62,"Potsdam - Potsdam-Mittelmark II - Teltow-Fläming II",2009,12,FALSE,TRUE,TRUE,"eligible_changed|renumbered"
63,"Dahme-Spreewald - Teltow-Fläming III - Oberspreewald-Lausitz I",2009,12,FALSE,TRUE,TRUE,"eligible_changed|renumbered"
64,"Frankfurt (Oder) - Oder-Spree",2009,12,FALSE,FALSE,TRUE,"renumbered"
65,"Cottbus - Spree-Neiße",2009,12,FALSE,FALSE,TRUE,"renumbered"
66,"Elbe-Elster - Oberspreewald-Lausitz II",2009,12,FALSE,FALSE,TRUE,"renumbered"
67,"Altmark",2009,15,FALSE,FALSE,TRUE,"renumbered"
68,"Börde - Jerichower Land",2009,15,TRUE,FALSE,FALSE,"new_name"
69,"Harz",2009,15,FALSE,TRUE,TRUE,"eligible_changed|renumbered"
70,"Magdeburg",2009,15,FALSE,TRUE,TRUE,"eligible_changed|renumbered"
71,"Dessau - Wittenberg",2009,15,TRUE,FALSE,FALSE,"new_name"
72,"Anhalt",2009,15,FALSE,TRUE,TRUE,"eligible_changed|renumbered"
73,"Halle",2009,15,FALSE,TRUE,FALSE,"eligible_changed"
74,"Burgenland - Saalekreis",2009,15,TRUE,FALSE,FALSE,"new_name"
75,"Mansfeld",2009,15,TRUE,FALSE,FALSE,"new_name"
152,"Nordsachsen",2009,14,TRUE,FALSE,FALSE,"new_name"
155,"Leipzig-Land",2009,14,TRUE,FALSE,FALSE,"new_name"
156,"Meißen",2009,14,TRUE,FALSE,FALSE,"new_name"
157,"Bautzen I",2009,14,TRUE,FALSE,FALSE,"new_name"
158,"Görlitz",2009,14,TRUE,FALSE,FALSE,"new_name"
159,"Sächsische Schweiz - Osterzgebirge",2009,14,TRUE,FALSE,FALSE,"new_name"
161,"Dresden II - Bautzen II",2009,14,TRUE,FALSE,FALSE,"new_name"
162,"Mittelsachsen",2009,14,TRUE,FALSE,FALSE,"new_name"
163,"Chemnitz",2009,14,FALSE,FALSE,TRUE,"renumbered"
164,"Chemnitzer Umland - Erzgebirgskreis II",2009,14,TRUE,FALSE,FALSE,"new_name"
165,"Erzgebirgskreis I",2009,14,TRUE,FALSE,FALSE,"new_name"
166,"Zwickau",2009,14,TRUE,FALSE,FALSE,"new_name"
167,"Vogtlandkreis",2009,14,TRUE,FALSE,FALSE,"new_name"
168,"Waldeck",2009,6,FALSE,FALSE,TRUE,"renumbered"
169,"Kassel",2009,6,FALSE,FALSE,TRUE,"renumbered"
170,"Werra-Meißner - Hersfeld-Rotenburg",2009,6,FALSE,FALSE,TRUE,"renumbered"
171,"Schwalm-Eder",2009,6,FALSE,FALSE,TRUE,"renumbered"
172,"Marburg",2009,6,FALSE,FALSE,TRUE,"renumbered"
173,"Lahn-Dill",2009,6,FALSE,FALSE,TRUE,"renumbered"
174,"Gießen",2009,6,FALSE,FALSE,TRUE,"renumbered"
175,"Fulda",2009,6,FALSE,FALSE,TRUE,"renumbered"
176,"Hochtaunus",2009,6,FALSE,FALSE,TRUE,"renumbered"
177,"Wetterau",2009,6,FALSE,FALSE,TRUE,"renumbered"
178,"Rheingau-Taunus - Limburg",2009,6,FALSE,FALSE,TRUE,"renumbered"
179,"Wiesbaden",2009,6,FALSE,FALSE,TRUE,"renumbered"
180,"Hanau",2009,6,FALSE,FALSE,TRUE,"renumbered"
181,"Main-Taunus",2009,6,FALSE,FALSE,TRUE,"renumbered"
182,"Frankfurt am Main I",2009,6,FALSE,FALSE,TRUE,"renumbered"
183,"Frankfurt am Main II",2009,6,FALSE,FALSE,TRUE,"renumbered"
184,"Groß-Gerau",2009,6,FALSE,FALSE,TRUE,"renumbered"
185,"Offenbach",2009,6,FALSE,FALSE,TRUE,"renumbered"
186,"Darmstadt",2009,6,FALSE,FALSE,TRUE,"renumbered"
187,"Odenwald",2009,6,FALSE,FALSE,TRUE,"renumbered"
188,"Bergstraße",2009,6,FALSE,FALSE,TRUE,"renumbered"
189,"Eichsfeld - Nordhausen - Unstrut-Hainich-Kreis I",2009,16,FALSE,FALSE,TRUE,"renumbered"
190,"Eisenach - Wartburgkreis - Unstrut-Hainich-Kreis II",2009,16,FALSE,FALSE,TRUE,"renumbered"
191,"Kyffhäuserkreis - Sömmerda - Weimarer Land I",2009,16,FALSE,FALSE,TRUE,"renumbered"
192,"Gotha - Ilm-Kreis",2009,16,FALSE,FALSE,TRUE,"renumbered"
193,"Erfurt - Weimar - Weimarer Land II",2009,16,FALSE,FALSE,TRUE,"renumbered"
194,"Gera - Jena - Saale-Holzland-Kreis",2009,16,FALSE,FALSE,TRUE,"renumbered"
195,"Greiz - Altenburger Land",2009,16,FALSE,FALSE,TRUE,"renumbered"
196,"Sonneberg - Saalfeld-Rudolstadt - Saale-Orla-Kreis",2009,16,FALSE,FALSE,TRUE,"renumbered"
197,"Suhl - Schmalkalden-Meiningen - Hildburghausen",2009,16,FALSE,FALSE,TRUE,"renumbered"
198,"Neuwied",2009,7,FALSE,FALSE,TRUE,"renumbered"
199,"Ahrweiler",2009,7,FALSE,FALSE,TRUE,"renumbered"
200,"Koblenz",2009,7,FALSE,FALSE,TRUE,"renumbered"
201,"Mosel/Rhein-Hunsrück",2009,7,FALSE,FALSE,TRUE,"renumbered"
202,"Kreuznach",2009,7,FALSE,FALSE,TRUE,"renumbered"
203,"Bitburg",2009,7,FALSE,FALSE,TRUE,"renumbered"
204,"Trier",2009,7,FALSE,FALSE,TRUE,"renumbered"
205,"Montabaur",2009,7,FALSE,FALSE,TRUE,"renumbered"
206,"Mainz",2009,7,FALSE,FALSE,TRUE,"renumbered"
207,"Worms",2009,7,FALSE,FALSE,TRUE,"renumbered"
208,"Ludwigshafen/Frankenthal",2009,7,FALSE,FALSE,TRUE,"renumbered"
209,"Neustadt - Speyer",2009,7,FALSE,FALSE,TRUE,"renumbered"
210,"Kaiserslautern",2009,7,FALSE,FALSE,TRUE,"renumbered"
211,"Pirmasens",2009,7,FALSE,FALSE,TRUE,"renumbered"
212,"Südpfalz",2009,7,FALSE,FALSE,TRUE,"renumbered"
213,"Altötting",2009,9,FALSE,FALSE,TRUE,"renumbered"
214,"Erding - Ebersberg",2009,9,FALSE,FALSE,TRUE,"renumbered"
215,"Freising",2009,9,FALSE,FALSE,TRUE,"renumbered"
216,"Fürstenfeldbruck",2009,9,FALSE,FALSE,TRUE,"renumbered"
217,"Ingolstadt",2009,9,FALSE,FALSE,TRUE,"renumbered"
218,"München-Nord",2009,9,FALSE,FALSE,TRUE,"renumbered"
219,"München-Ost",2009,9,FALSE,FALSE,TRUE,"renumbered"
220,"München-Süd",2009,9,FALSE,FALSE,TRUE,"renumbered"
221,"München-West/Mitte",2009,9,FALSE,FALSE,TRUE,"renumbered"
222,"München-Land",2009,9,FALSE,FALSE,TRUE,"renumbered"
223,"Rosenheim",2009,9,FALSE,FALSE,TRUE,"renumbered"
224,"Starnberg",2009,9,FALSE,FALSE,TRUE,"renumbered"
225,"Traunstein",2009,9,FALSE,FALSE,TRUE,"renumbered"
226,"Weilheim",2009,9,FALSE,FALSE,TRUE,"renumbered"
227,"Deggendorf",2009,9,FALSE,FALSE,TRUE,"renumbered"
228,"Landshut",2009,9,FALSE,FALSE,TRUE,"renumbered"
229,"Passau",2009,9,FALSE,FALSE,TRUE,"renumbered"
230,"Rottal-Inn",2009,9,FALSE,FALSE,TRUE,"renumbered"
231,"Straubing",2009,9,FALSE,FALSE,TRUE,"renumbered"
232,"Amberg",2009,9,FALSE,FALSE,TRUE,"renumbered"
233,"Regensburg",2009,9,FALSE,FALSE,TRUE,"renumbered"
234,"Schwandorf",2009,9,FALSE,FALSE,TRUE,"renumbered"
235,"Weiden",2009,9,FALSE,FALSE,TRUE,"renumbered"
236,"Bamberg",2009,9,FALSE,FALSE,TRUE,"renumbered"
237,"Bayreuth",2009,9,FALSE,FALSE,TRUE,"renumbered"
238,"Coburg",2009,9,FALSE,FALSE,TRUE,"renumbered"
239,"Hof",2009,9,FALSE,FALSE,TRUE,"renumbered"
240,"Kulmbach",2009,9,FALSE,FALSE,TRUE,"renumbered"
241,"Ansbach",2009,9,FALSE,FALSE,TRUE,"renumbered"
242,"Erlangen",2009,9,FALSE,FALSE,TRUE,"renumbered"
243,"Fürth",2009,9,FALSE,FALSE,TRUE,"renumbered"
244,"Nürnberg-Nord",2009,9,FALSE,FALSE,TRUE,"renumbered"
245,"Nürnberg-Süd",2009,9,FALSE,FALSE,TRUE,"renumbered"
246,"Roth",2009,9,FALSE,FALSE,TRUE,"renumbered"
247,"Aschaffenburg",2009,9,FALSE,FALSE,TRUE,"renumbered"
248,"Bad Kissingen",2009,9,FALSE,FALSE,TRUE,"renumbered"
249,"Main-Spessart",2009,9,FALSE,FALSE,TRUE,"renumbered"
250,"Schweinfurt",2009,9,FALSE,FALSE,TRUE,"renumbered"
251,"Würzburg",2009,9,FALSE,FALSE,TRUE,"renumbered"
252,"Augsburg-Stadt",2009,9,FALSE,FALSE,TRUE,"renumbered"
253,"Augsburg-Land",2009,9,FALSE,FALSE,TRUE,"renumbered"
254,"Donau-Ries",2009,9,FALSE,FALSE,TRUE,"renumbered"
255,"Neu-Ulm",2009,9,FALSE,FALSE,TRUE,"renumbered"
256,"Oberallgäu",2009,9,FALSE,FALSE,TRUE,"renumbered"
257,"Ostallgäu",2009,9,FALSE,FALSE,TRUE,"renumbered"
258,"Stuttgart I",2009,8,FALSE,FALSE,TRUE,"renumbered"
259,"Stuttgart II",2009,8,FALSE,FALSE,TRUE,"renumbered"
260,"Böblingen",2009,8,FALSE,FALSE,TRUE,"renumbered"
261,"Esslingen",2009,8,FALSE,FALSE,TRUE,"renumbered"
262,"Nürtingen",2009,8,FALSE,FALSE,TRUE,"renumbered"
263,"Göppingen",2009,8,FALSE,FALSE,TRUE,"renumbered"
264,"Waiblingen",2009,8,FALSE,FALSE,TRUE,"renumbered"
265,"Ludwigsburg",2009,8,FALSE,FALSE,TRUE,"renumbered"
266,"Neckar-Zaber",2009,8,FALSE,FALSE,TRUE,"renumbered"
267,"Heilbronn",2009,8,FALSE,FALSE,TRUE,"renumbered"
268,"Schwäbisch Hall - Hohenlohe",2009,8,FALSE,FALSE,TRUE,"renumbered"
269,"Backnang - Schwäbisch Gmünd",2009,8,FALSE,FALSE,TRUE,"renumbered"
270,"Aalen - Heidenheim",2009,8,FALSE,FALSE,TRUE,"renumbered"
271,"Karlsruhe-Stadt",2009,8,FALSE,FALSE,TRUE,"renumbered"
272,"Karlsruhe-Land",2009,8,FALSE,FALSE,TRUE,"renumbered"
273,"Rastatt",2009,8,FALSE,FALSE,TRUE,"renumbered"
274,"Heidelberg",2009,8,FALSE,FALSE,TRUE,"renumbered"
275,"Mannheim",2009,8,FALSE,FALSE,TRUE,"renumbered"
276,"Odenwald - Tauber",2009,8,FALSE,FALSE,TRUE,"renumbered"
277,"Rhein-Neckar",2009,8,FALSE,FALSE,TRUE,"renumbered"
278,"Bruchsal - Schwetzingen",2009,8,FALSE,FALSE,TRUE,"renumbered"
279,"Pforzheim",2009,8,FALSE,FALSE,TRUE,"renumbered"
280,"Calw",2009,8,FALSE,FALSE,TRUE,"renumbered"
281,"Freiburg",2009,8,FALSE,FALSE,TRUE,"renumbered"
282,"Lörrach - Müllheim",2009,8,FALSE,FALSE,TRUE,"renumbered"
283,"Emmendingen - Lahr",2009,8,FALSE,FALSE,TRUE,"renumbered"
284,"Offenburg",2009,8,FALSE,FALSE,TRUE,"renumbered"
285,"Rottweil - Tuttlingen",2009,8,FALSE,FALSE,TRUE,"renumbered"
286,"Schwarzwald-Baar",2009,8,FALSE,FALSE,TRUE,"renumbered"
287,"Konstanz",2009,8,FALSE,FALSE,TRUE,"renumbered"
288,"Waldshut",2009,8,FALSE,FALSE,TRUE,"renumbered"
289,"Reutlingen",2009,8,FALSE,FALSE,TRUE,"renumbered"
290,"Tübingen",2009,8,FALSE,FALSE,TRUE,"renumbered"
291,"Ulm",2009,8,FALSE,FALSE,TRUE,"renumbered"
292,"Biberach",2009,8,FALSE,TRUE,TRUE,"eligible_changed|renumbered"
293,"Bodensee",2009,8,TRUE,FALSE,FALSE,"new_name"
294,"Ravensburg",2009,8,TRUE,FALSE,FALSE,"new_name"
295,"Zollernalb - Sigmaringen",2009,8,FALSE,TRUE,FALSE,"eligible_changed"
8,"Segeberg - Stormarn-Mitte",2013,1,TRUE,FALSE,FALSE,"new_name"
9,"Ostholstein - Stormarn-Nord",2013,1,TRUE,FALSE,FALSE,"new_name"
12,"Schwerin - Ludwigslust-Parchim I - Nordwestmecklenburg I",2013,13,TRUE,FALSE,FALSE,"new_name"
13,"Ludwigslust-Parchim II - Nordwestmecklenburg II - Landkreis Rostock I",2013,13,TRUE,FALSE,FALSE,"new_name"
14,"Rostock - Landkreis Rostock II",2013,13,TRUE,FALSE,FALSE,"new_name"
15,"Vorpommern-Rügen - Vorpommern-Greifswald I",2013,13,TRUE,FALSE,FALSE,"new_name"
16,"Mecklenburgische Seenplatte I - Vorpommern-Greifswald II",2013,13,TRUE,FALSE,FALSE,"new_name"
17,"Mecklenburgische Seenplatte II - Landkreis Rostock III",2013,13,TRUE,FALSE,FALSE,"new_name"
18,"Hamburg-Mitte",2013,2,FALSE,TRUE,TRUE,"eligible_changed|renumbered"
19,"Hamburg-Altona",2013,2,FALSE,TRUE,TRUE,"eligible_changed|renumbered"
20,"Hamburg-Eimsbüttel",2013,2,FALSE,TRUE,TRUE,"eligible_changed|renumbered"
21,"Hamburg-Nord",2013,2,FALSE,FALSE,TRUE,"renumbered"
22,"Hamburg-Wandsbek",2013,2,FALSE,FALSE,TRUE,"renumbered"
23,"Hamburg-Bergedorf - Harburg",2013,2,FALSE,FALSE,TRUE,"renumbered"
24,"Aurich - Emden",2013,3,FALSE,FALSE,TRUE,"renumbered"
25,"Unterems",2013,3,FALSE,FALSE,TRUE,"renumbered"
26,"Friesland - Wilhelmshaven - Wittmund",2013,3,TRUE,FALSE,FALSE,"new_name"
27,"Oldenburg - Ammerland",2013,3,FALSE,FALSE,TRUE,"renumbered"
28,"Delmenhorst - Wesermarsch - Oldenburg-Land",2013,3,FALSE,FALSE,TRUE,"renumbered"
29,"Cuxhaven - Stade II",2013,3,FALSE,FALSE,TRUE,"renumbered"
30,"Stade I - Rotenburg II",2013,3,FALSE,FALSE,TRUE,"renumbered"
31,"Mittelems",2013,3,FALSE,FALSE,TRUE,"renumbered"
32,"Cloppenburg - Vechta",2013,3,FALSE,FALSE,TRUE,"renumbered"
33,"Diepholz - Nienburg I",2013,3,FALSE,FALSE,TRUE,"renumbered"
34,"Osterholz - Verden",2013,3,FALSE,FALSE,TRUE,"renumbered"
35,"Rotenburg I - Heidekreis",2013,3,TRUE,FALSE,FALSE,"new_name"
36,"Harburg",2013,3,FALSE,FALSE,TRUE,"renumbered"
37,"Lüchow-Dannenberg - Lüneburg",2013,3,FALSE,FALSE,TRUE,"renumbered"
38,"Osnabrück-Land",2013,3,FALSE,FALSE,TRUE,"renumbered"
39,"Stadt Osnabrück",2013,3,FALSE,FALSE,TRUE,"renumbered"
40,"Nienburg II - Schaumburg",2013,3,FALSE,FALSE,TRUE,"renumbered"
41,"Stadt Hannover I",2013,3,FALSE,FALSE,TRUE,"renumbered"
42,"Stadt Hannover II",2013,3,FALSE,FALSE,TRUE,"renumbered"
43,"Hannover-Land I",2013,3,FALSE,FALSE,TRUE,"renumbered"
44,"Celle - Uelzen",2013,3,FALSE,FALSE,TRUE,"renumbered"
45,"Gifhorn - Peine",2013,3,FALSE,FALSE,TRUE,"renumbered"
46,"Hameln-Pyrmont - Holzminden",2013,3,FALSE,FALSE,TRUE,"renumbered"
47,"Hannover-Land II",2013,3,FALSE,FALSE,TRUE,"renumbered"
48,"Hildesheim",2013,3,FALSE,FALSE,TRUE,"renumbered"
49,"Salzgitter - Wolfenbüttel",2013,3,FALSE,FALSE,TRUE,"renumbered"
50,"Braunschweig",2013,3,FALSE,FALSE,TRUE,"renumbered"
51,"Helmstedt - Wolfsburg",2013,3,FALSE,FALSE,TRUE,"renumbered"
52,"Goslar - Northeim - Osterode",2013,3,FALSE,FALSE,TRUE,"renumbered"
53,"Göttingen",2013,3,FALSE,FALSE,TRUE,"renumbered"
54,"Bremen I",2013,4,FALSE,FALSE,TRUE,"renumbered"
55,"Bremen II - Bremerhaven",2013,4,FALSE,FALSE,TRUE,"renumbered"
56,"Prignitz - Ostprignitz-Ruppin - Havelland I",2013,12,FALSE,FALSE,TRUE,"renumbered"
57,"Uckermark - Barnim I",2013,12,FALSE,TRUE,TRUE,"eligible_changed|renumbered"
58,"Oberhavel - Havelland II",2013,12,FALSE,FALSE,TRUE,"renumbered"
59,"Märkisch-Oderland - Barnim II",2013,12,FALSE,TRUE,TRUE,"eligible_changed|renumbered"
60,"Brandenburg an der Havel - Potsdam-Mittelmark I - Havelland III - Teltow-Fläming I",2013,12,FALSE,FALSE,TRUE,"renumbered"
61,"Potsdam - Potsdam-Mittelmark II - Teltow-Fläming II",2013,12,FALSE,FALSE,TRUE,"renumbered"
62,"Dahme-Spreewald - Teltow-Fläming III - Oberspreewald-Lausitz I",2013,12,FALSE,FALSE,TRUE,"renumbered"
63,"Frankfurt (Oder) - Oder-Spree",2013,12,FALSE,FALSE,TRUE,"renumbered"
64,"Cottbus - Spree-Neiße",2013,12,FALSE,FALSE,TRUE,"renumbered"
65,"Elbe-Elster - Oberspreewald-Lausitz II",2013,12,FALSE,FALSE,TRUE,"renumbered"
66,"Altmark",2013,15,FALSE,FALSE,TRUE,"renumbered"
67,"Börde - Jerichower Land",2013,15,FALSE,FALSE,TRUE,"renumbered"
68,"Harz",2013,15,FALSE,TRUE,TRUE,"eligible_changed|renumbered"
69,"Magdeburg",2013,15,FALSE,TRUE,TRUE,"eligible_changed|renumbered"
70,"Dessau - Wittenberg",2013,15,FALSE,FALSE,TRUE,"renumbered"
71,"Anhalt",2013,15,FALSE,TRUE,TRUE,"eligible_changed|renumbered"
72,"Halle",2013,15,FALSE,FALSE,TRUE,"renumbered"
73,"Burgenland - Saalekreis",2013,15,FALSE,FALSE,TRUE,"renumbered"
74,"Mansfeld",2013,15,FALSE,FALSE,TRUE,"renumbered"
75,"Berlin-Mitte",2013,11,FALSE,FALSE,TRUE,"renumbered"
76,"Berlin-Pankow",2013,11,FALSE,FALSE,TRUE,"renumbered"
77,"Berlin-Reinickendorf",2013,11,FALSE,FALSE,TRUE,"renumbered"
78,"Berlin-Spandau - Charlottenburg Nord",2013,11,FALSE,FALSE,TRUE,"renumbered"
79,"Berlin-Steglitz - Zehlendorf",2013,11,FALSE,FALSE,TRUE,"renumbered"
80,"Berlin-Charlottenburg - Wilmersdorf",2013,11,FALSE,FALSE,TRUE,"renumbered"
81,"Berlin-Tempelhof - Schöneberg",2013,11,FALSE,FALSE,TRUE,"renumbered"
82,"Berlin-Neukölln",2013,11,FALSE,FALSE,TRUE,"renumbered"
83,"Berlin-Friedrichshain-Kreuzberg - Prenzlauer Berg Ost",2013,11,TRUE,FALSE,FALSE,"new_name"
84,"Berlin-Treptow - Köpenick",2013,11,FALSE,FALSE,TRUE,"renumbered"
85,"Berlin-Marzahn - Hellersdorf",2013,11,FALSE,FALSE,TRUE,"renumbered"
86,"Berlin-Lichtenberg",2013,11,FALSE,FALSE,TRUE,"renumbered"
87,"Aachen I",2013,5,TRUE,FALSE,FALSE,"new_name"
88,"Aachen II",2013,5,TRUE,FALSE,FALSE,"new_name"
89,"Heinsberg",2013,5,FALSE,FALSE,TRUE,"renumbered"
90,"Düren",2013,5,FALSE,FALSE,TRUE,"renumbered"
91,"Rhein-Erft-Kreis I",2013,5,TRUE,FALSE,FALSE,"new_name"
92,"Euskirchen - Rhein-Erft-Kreis II",2013,5,TRUE,FALSE,FALSE,"new_name"
93,"Köln I",2013,5,FALSE,FALSE,TRUE,"renumbered"
94,"Köln II",2013,5,FALSE,FALSE,TRUE,"renumbered"
95,"Köln III",2013,5,FALSE,FALSE,TRUE,"renumbered"
96,"Bonn",2013,5,FALSE,FALSE,TRUE,"renumbered"
97,"Rhein-Sieg-Kreis I",2013,5,FALSE,FALSE,TRUE,"renumbered"
98,"Rhein-Sieg-Kreis II",2013,5,FALSE,FALSE,TRUE,"renumbered"
99,"Oberbergischer Kreis",2013,5,FALSE,FALSE,TRUE,"renumbered"
100,"Rheinisch-Bergischer Kreis",2013,5,FALSE,FALSE,TRUE,"renumbered"
101,"Leverkusen - Köln IV",2013,5,FALSE,FALSE,TRUE,"renumbered"
102,"Wuppertal I",2013,5,FALSE,FALSE,TRUE,"renumbered"
103,"Solingen - Remscheid - Wuppertal II",2013,5,FALSE,FALSE,TRUE,"renumbered"
104,"Mettmann I",2013,5,FALSE,FALSE,TRUE,"renumbered"
105,"Mettmann II",2013,5,FALSE,FALSE,TRUE,"renumbered"
106,"Düsseldorf I",2013,5,FALSE,FALSE,TRUE,"renumbered"
107,"Düsseldorf II",2013,5,FALSE,FALSE,TRUE,"renumbered"
108,"Neuss I",2013,5,FALSE,FALSE,TRUE,"renumbered"
109,"Mönchengladbach",2013,5,FALSE,FALSE,TRUE,"renumbered"
110,"Krefeld I - Neuss II",2013,5,FALSE,FALSE,TRUE,"renumbered"
111,"Viersen",2013,5,FALSE,FALSE,TRUE,"renumbered"
112,"Kleve",2013,5,FALSE,FALSE,TRUE,"renumbered"
113,"Wesel I",2013,5,FALSE,FALSE,TRUE,"renumbered"
114,"Krefeld II - Wesel II",2013,5,FALSE,FALSE,TRUE,"renumbered"
115,"Duisburg I",2013,5,FALSE,TRUE,TRUE,"eligible_changed|renumbered"
116,"Duisburg II",2013,5,FALSE,TRUE,TRUE,"eligible_changed|renumbered"
117,"Oberhausen - Wesel III",2013,5,FALSE,FALSE,TRUE,"renumbered"
118,"Mülheim - Essen I",2013,5,FALSE,FALSE,TRUE,"renumbered"
119,"Essen II",2013,5,FALSE,FALSE,TRUE,"renumbered"
120,"Essen III",2013,5,FALSE,FALSE,TRUE,"renumbered"
121,"Recklinghausen I",2013,5,FALSE,FALSE,TRUE,"renumbered"
122,"Recklinghausen II",2013,5,FALSE,FALSE,TRUE,"renumbered"
123,"Gelsenkirchen",2013,5,FALSE,FALSE,TRUE,"renumbered"
124,"Steinfurt I - Borken I",2013,5,FALSE,FALSE,TRUE,"renumbered"
125,"Bottrop - Recklinghausen III",2013,5,FALSE,FALSE,TRUE,"renumbered"
126,"Borken II",2013,5,FALSE,FALSE,TRUE,"renumbered"
127,"Coesfeld - Steinfurt II",2013,5,FALSE,FALSE,TRUE,"renumbered"
128,"Steinfurt III",2013,5,FALSE,FALSE,TRUE,"renumbered"
129,"Münster",2013,5,FALSE,FALSE,TRUE,"renumbered"
130,"Warendorf",2013,5,FALSE,FALSE,TRUE,"renumbered"
131,"Gütersloh I",2013,5,TRUE,FALSE,FALSE,"new_name"
132,"Bielefeld - Gütersloh II",2013,5,TRUE,FALSE,FALSE,"new_name"
133,"Herford - Minden-Lübbecke II",2013,5,FALSE,FALSE,TRUE,"renumbered"
134,"Minden-Lübbecke I",2013,5,FALSE,FALSE,TRUE,"renumbered"
135,"Lippe I",2013,5,FALSE,FALSE,TRUE,"renumbered"
136,"Höxter - Lippe II",2013,5,FALSE,FALSE,TRUE,"renumbered"
137,"Paderborn - Gütersloh III",2013,5,TRUE,FALSE,FALSE,"new_name"
138,"Hagen - Ennepe-Ruhr-Kreis I",2013,5,FALSE,FALSE,TRUE,"renumbered"
139,"Ennepe-Ruhr-Kreis II",2013,5,FALSE,FALSE,TRUE,"renumbered"
140,"Bochum I",2013,5,FALSE,FALSE,TRUE,"renumbered"
141,"Herne - Bochum II",2013,5,FALSE,FALSE,TRUE,"renumbered"
142,"Dortmund I",2013,5,FALSE,FALSE,TRUE,"renumbered"
143,"Dortmund II",2013,5,FALSE,FALSE,TRUE,"renumbered"
144,"Unna I",2013,5,FALSE,FALSE,TRUE,"renumbered"
145,"Hamm - Unna II",2013,5,FALSE,FALSE,TRUE,"renumbered"
146,"Soest",2013,5,FALSE,FALSE,TRUE,"renumbered"
147,"Hochsauerlandkreis",2013,5,FALSE,FALSE,TRUE,"renumbered"
148,"Siegen-Wittgenstein",2013,5,FALSE,FALSE,TRUE,"renumbered"
149,"Olpe - Märkischer Kreis I",2013,5,FALSE,FALSE,TRUE,"renumbered"
150,"Märkischer Kreis II",2013,5,FALSE,FALSE,TRUE,"renumbered"
151,"Nordsachsen",2013,14,FALSE,FALSE,TRUE,"renumbered"
152,"Leipzig I",2013,14,FALSE,FALSE,TRUE,"renumbered"
153,"Leipzig II",2013,14,FALSE,FALSE,TRUE,"renumbered"
154,"Leipzig-Land",2013,14,FALSE,FALSE,TRUE,"renumbered"
155,"Meißen",2013,14,FALSE,FALSE,TRUE,"renumbered"
156,"Bautzen I",2013,14,FALSE,FALSE,TRUE,"renumbered"
157,"Görlitz",2013,14,FALSE,FALSE,TRUE,"renumbered"
158,"Sächsische Schweiz - Osterzgebirge",2013,14,FALSE,FALSE,TRUE,"renumbered"
159,"Dresden I",2013,14,FALSE,FALSE,TRUE,"renumbered"
160,"Dresden II - Bautzen II",2013,14,FALSE,FALSE,TRUE,"renumbered"
161,"Mittelsachsen",2013,14,FALSE,FALSE,TRUE,"renumbered"
162,"Chemnitz",2013,14,FALSE,FALSE,TRUE,"renumbered"
163,"Chemnitzer Umland - Erzgebirgskreis II",2013,14,FALSE,FALSE,TRUE,"renumbered"
164,"Erzgebirgskreis I",2013,14,FALSE,FALSE,TRUE,"renumbered"
165,"Zwickau",2013,14,FALSE,FALSE,TRUE,"renumbered"
166,"Vogtlandkreis",2013,14,FALSE,FALSE,TRUE,"renumbered"
167,"Waldeck",2013,6,FALSE,FALSE,TRUE,"renumbered"
168,"Kassel",2013,6,FALSE,FALSE,TRUE,"renumbered"
169,"Werra-Meißner - Hersfeld-Rotenburg",2013,6,FALSE,FALSE,TRUE,"renumbered"
170,"Schwalm-Eder",2013,6,FALSE,FALSE,TRUE,"renumbered"
171,"Marburg",2013,6,FALSE,FALSE,TRUE,"renumbered"
172,"Lahn-Dill",2013,6,FALSE,FALSE,TRUE,"renumbered"
173,"Gießen",2013,6,FALSE,TRUE,TRUE,"eligible_changed|renumbered"
174,"Fulda",2013,6,FALSE,TRUE,TRUE,"eligible_changed|renumbered"
175,"Main-Kinzig - Wetterau II - Schotten",2013,6,TRUE,FALSE,FALSE,"new_name"
177,"Wetterau I",2013,6,TRUE,FALSE,FALSE,"new_name"
180,"Hanau",2013,6,FALSE,TRUE,FALSE,"eligible_changed"
191,"Kyffhäuserkreis - Sömmerda - Weimarer Land I",2013,16,FALSE,TRUE,FALSE,"eligible_changed"
193,"Erfurt - Weimar - Weimarer Land II",2013,16,FALSE,TRUE,FALSE,"eligible_changed"
201,"Mosel/Rhein-Hunsrück",2013,7,FALSE,TRUE,FALSE,"eligible_changed"
204,"Trier",2013,7,FALSE,TRUE,FALSE,"eligible_changed"
215,"Freising",2013,9,FALSE,TRUE,FALSE,"eligible_changed"
216,"Fürstenfeldbruck",2013,9,FALSE,TRUE,FALSE,"eligible_changed"
217,"Ingolstadt",2013,9,FALSE,TRUE,FALSE,"eligible_changed"
222,"München-Land",2013,9,FALSE,TRUE,FALSE,"eligible_changed"
224,"Starnberg",2013,9,FALSE,TRUE,FALSE,"eligible_changed"
289,"Reutlingen",2013,8,FALSE,TRUE,FALSE,"eligible_changed"
291,"Ulm",2013,8,FALSE,TRUE,FALSE,"eligible_changed"
1,"Flensburg – Schleswig",2017,1,TRUE,FALSE,FALSE,"new_name"
2,"Nordfriesland – Dithmarschen Nord",2017,1,TRUE,FALSE,FALSE,"new_name"
3,"Steinburg – Dithmarschen Süd",2017,1,TRUE,FALSE,FALSE,"new_name"
6,"Plön – Neumünster",2017,1,TRUE,FALSE,FALSE,"new_name"
8,"Segeberg – Stormarn-Mitte",2017,1,TRUE,FALSE,FALSE,"new_name"
9,"Ostholstein – Stormarn-Nord",2017,1,TRUE,FALSE,FALSE,"new_name"
10,"Herzogtum Lauenburg – Stormarn-Süd",2017,1,TRUE,FALSE,FALSE,"new_name"
12,"Schwerin – Ludwigslust-Parchim I – Nordwestmecklenburg I",2017,13,TRUE,FALSE,FALSE,"new_name"
13,"Ludwigslust-Parchim II – Nordwestmecklenburg II – Landkreis Rostock I",2017,13,TRUE,FALSE,FALSE,"new_name"
14,"Rostock – Landkreis Rostock II",2017,13,TRUE,FALSE,FALSE,"new_name"
15,"Vorpommern-Rügen – Vorpommern-Greifswald I",2017,13,TRUE,FALSE,FALSE,"new_name"
16,"Mecklenburgische Seenplatte I – Vorpommern-Greifswald II",2017,13,TRUE,FALSE,FALSE,"new_name"
17,"Mecklenburgische Seenplatte II – Landkreis Rostock III",2017,13,TRUE,FALSE,FALSE,"new_name"
18,"Hamburg-Mitte",2017,2,FALSE,TRUE,FALSE,"eligible_changed"
22,"Hamburg-Wandsbek",2017,2,FALSE,TRUE,FALSE,"eligible_changed"
23,"Hamburg-Bergedorf – Harburg",2017,2,TRUE,FALSE,FALSE,"new_name"
24,"Aurich – Emden",2017,3,TRUE,FALSE,FALSE,"new_name"
26,"Friesland – Wilhelmshaven – Wittmund",2017,3,TRUE,FALSE,FALSE,"new_name"
27,"Oldenburg – Ammerland",2017,3,TRUE,FALSE,FALSE,"new_name"
28,"Delmenhorst – Wesermarsch – Oldenburg-Land",2017,3,TRUE,FALSE,FALSE,"new_name"
29,"Cuxhaven – Stade II",2017,3,TRUE,FALSE,FALSE,"new_name"
30,"Stade I – Rotenburg II",2017,3,TRUE,FALSE,FALSE,"new_name"
32,"Cloppenburg – Vechta",2017,3,TRUE,FALSE,FALSE,"new_name"
33,"Diepholz – Nienburg I",2017,3,TRUE,FALSE,FALSE,"new_name"
34,"Osterholz – Verden",2017,3,TRUE,FALSE,FALSE,"new_name"
35,"Rotenburg I – Heidekreis",2017,3,TRUE,FALSE,FALSE,"new_name"
37,"Lüchow-Dannenberg – Lüneburg",2017,3,TRUE,FALSE,FALSE,"new_name"
40,"Nienburg II – Schaumburg",2017,3,TRUE,FALSE,FALSE,"new_name"
44,"Celle – Uelzen",2017,3,TRUE,FALSE,FALSE,"new_name"
45,"Gifhorn – Peine",2017,3,TRUE,FALSE,FALSE,"new_name"
46,"Hameln-Pyrmont – Holzminden",2017,3,TRUE,FALSE,FALSE,"new_name"
49,"Salzgitter – Wolfenbüttel",2017,3,TRUE,FALSE,FALSE,"new_name"
51,"Helmstedt – Wolfsburg",2017,3,TRUE,FALSE,FALSE,"new_name"
52,"Goslar – Northeim – Osterode",2017,3,TRUE,FALSE,FALSE,"new_name"
55,"Bremen II – Bremerhaven",2017,4,TRUE,FALSE,FALSE,"new_name"
56,"Prignitz – Ostprignitz-Ruppin – Havelland I",2017,12,TRUE,FALSE,FALSE,"new_name"
57,"Uckermark – Barnim I",2017,12,TRUE,FALSE,FALSE,"new_name"
58,"Oberhavel – Havelland II",2017,12,TRUE,FALSE,FALSE,"new_name"
59,"Märkisch-Oderland – Barnim II",2017,12,TRUE,FALSE,FALSE,"new_name"
60,"Brandenburg an der Havel – Potsdam-Mittelmark I – Havelland III – Teltow-Fläming I",2017,12,TRUE,FALSE,FALSE,"new_name"
61,"Potsdam – Potsdam-Mittelmark II – Teltow-Fläming II",2017,12,TRUE,FALSE,FALSE,"new_name"
62,"Dahme-Spreewald – Teltow-Fläming III – Oberspreewald-Lausitz I",2017,12,TRUE,FALSE,FALSE,"new_name"
63,"Frankfurt (Oder) – Oder-Spree",2017,12,TRUE,FALSE,FALSE,"new_name"
64,"Cottbus – Spree-Neiße",2017,12,TRUE,FALSE,FALSE,"new_name"
65,"Elbe-Elster – Oberspreewald-Lausitz II",2017,12,TRUE,FALSE,FALSE,"new_name"
67,"Börde – Jerichower Land",2017,15,TRUE,FALSE,FALSE,"new_name"
70,"Dessau – Wittenberg",2017,15,TRUE,FALSE,FALSE,"new_name"
73,"Burgenland – Saalekreis",2017,15,TRUE,FALSE,FALSE,"new_name"
78,"Berlin-Spandau – Charlottenburg Nord",2017,11,TRUE,FALSE,FALSE,"new_name"
79,"Berlin-Steglitz-Zehlendorf",2017,11,TRUE,FALSE,FALSE,"new_name"
80,"Berlin-Charlottenburg-Wilmersdorf",2017,11,TRUE,FALSE,FALSE,"new_name"
81,"Berlin-Tempelhof-Schöneberg",2017,11,TRUE,FALSE,FALSE,"new_name"
83,"Berlin-Friedrichshain-Kreuzberg – Prenzlauer Berg Ost",2017,11,TRUE,FALSE,FALSE,"new_name"
84,"Berlin-Treptow-Köpenick",2017,11,TRUE,FALSE,FALSE,"new_name"
85,"Berlin-Marzahn-Hellersdorf",2017,11,TRUE,FALSE,FALSE,"new_name"
92,"Euskirchen – Rhein-Erft-Kreis II",2017,5,TRUE,FALSE,FALSE,"new_name"
101,"Leverkusen – Köln IV",2017,5,TRUE,FALSE,FALSE,"new_name"
103,"Solingen – Remscheid – Wuppertal II",2017,5,TRUE,FALSE,FALSE,"new_name"
110,"Krefeld I – Neuss II",2017,5,TRUE,FALSE,FALSE,"new_name"
114,"Krefeld II – Wesel II",2017,5,TRUE,FALSE,FALSE,"new_name"
117,"Oberhausen – Wesel III",2017,5,TRUE,FALSE,FALSE,"new_name"
118,"Mülheim – Essen I",2017,5,TRUE,FALSE,FALSE,"new_name"
124,"Steinfurt I – Borken I",2017,5,TRUE,FALSE,FALSE,"new_name"
125,"Bottrop – Recklinghausen III",2017,5,TRUE,FALSE,FALSE,"new_name"
127,"Coesfeld – Steinfurt II",2017,5,TRUE,FALSE,FALSE,"new_name"
132,"Bielefeld – Gütersloh II",2017,5,TRUE,FALSE,FALSE,"new_name"
133,"Herford – Minden-Lübbecke II",2017,5,TRUE,FALSE,FALSE,"new_name"
136,"Höxter – Lippe II",2017,5,TRUE,FALSE,FALSE,"new_name"
137,"Paderborn – Gütersloh III",2017,5,TRUE,FALSE,FALSE,"new_name"
138,"Hagen – Ennepe-Ruhr-Kreis I",2017,5,TRUE,FALSE,FALSE,"new_name"
141,"Herne – Bochum II",2017,5,TRUE,FALSE,FALSE,"new_name"
145,"Hamm – Unna II",2017,5,TRUE,FALSE,FALSE,"new_name"
149,"Olpe – Märkischer Kreis I",2017,5,TRUE,FALSE,FALSE,"new_name"
158,"Sächsische Schweiz-Osterzgebirge",2017,14,TRUE,FALSE,FALSE,"new_name"
160,"Dresden II – Bautzen II",2017,14,TRUE,FALSE,FALSE,"new_name"
163,"Chemnitzer Umland – Erzgebirgskreis II",2017,14,TRUE,FALSE,FALSE,"new_name"
169,"Werra-Meißner – Hersfeld-Rotenburg",2017,6,TRUE,FALSE,FALSE,"new_name"
175,"Main-Kinzig – Wetterau II – Schotten",2017,6,TRUE,FALSE,FALSE,"new_name"
178,"Rheingau-Taunus – Limburg",2017,6,TRUE,FALSE,FALSE,"new_name"
189,"Eichsfeld – Nordhausen – Kyffhäuserkreis",2017,16,TRUE,FALSE,FALSE,"new_name"
190,"Eisenach – Wartburgkreis – Unstrut-Hainich-Kreis",2017,16,TRUE,FALSE,FALSE,"new_name"
191,"Jena – Sömmerda – Weimarer Land I",2017,16,TRUE,FALSE,FALSE,"new_name"
192,"Gotha – Ilm-Kreis",2017,16,TRUE,FALSE,FALSE,"new_name"
193,"Erfurt – Weimar – Weimarer Land II",2017,16,TRUE,FALSE,FALSE,"new_name"
194,"Gera – Greiz – Altenburger Land",2017,16,TRUE,FALSE,FALSE,"new_name"
195,"Saalfeld-Rudolstadt – Saale-Holzland-Kreis – Saale-Orla-Kreis",2017,16,TRUE,FALSE,FALSE,"new_name"
196,"Suhl – Schmalkalden-Meiningen – Hildburghausen – Sonneberg",2017,16,TRUE,FALSE,FALSE,"new_name"
197,"Neuwied",2017,7,FALSE,FALSE,TRUE,"renumbered"
198,"Ahrweiler",2017,7,FALSE,FALSE,TRUE,"renumbered"
199,"Koblenz",2017,7,FALSE,FALSE,TRUE,"renumbered"
200,"Mosel/Rhein-Hunsrück",2017,7,FALSE,FALSE,TRUE,"renumbered"
201,"Kreuznach",2017,7,FALSE,FALSE,TRUE,"renumbered"
202,"Bitburg",2017,7,FALSE,FALSE,TRUE,"renumbered"
203,"Trier",2017,7,FALSE,FALSE,TRUE,"renumbered"
204,"Montabaur",2017,7,FALSE,FALSE,TRUE,"renumbered"
205,"Mainz",2017,7,FALSE,TRUE,TRUE,"eligible_changed|renumbered"
206,"Worms",2017,7,FALSE,TRUE,TRUE,"eligible_changed|renumbered"
207,"Ludwigshafen/Frankenthal",2017,7,FALSE,FALSE,TRUE,"renumbered"
208,"Neustadt – Speyer",2017,7,TRUE,FALSE,FALSE,"new_name"
209,"Kaiserslautern",2017,7,FALSE,FALSE,TRUE,"renumbered"
210,"Pirmasens",2017,7,FALSE,FALSE,TRUE,"renumbered"
211,"Südpfalz",2017,7,FALSE,FALSE,TRUE,"renumbered"
212,"Altötting",2017,9,FALSE,FALSE,TRUE,"renumbered"
213,"Erding – Ebersberg",2017,9,TRUE,FALSE,FALSE,"new_name"
214,"Freising",2017,9,FALSE,TRUE,TRUE,"eligible_changed|renumbered"
215,"Fürstenfeldbruck",2017,9,FALSE,TRUE,TRUE,"eligible_changed|renumbered"
216,"Ingolstadt",2017,9,FALSE,TRUE,TRUE,"eligible_changed|renumbered"
217,"München-Nord",2017,9,FALSE,FALSE,TRUE,"renumbered"
218,"München-Ost",2017,9,FALSE,FALSE,TRUE,"renumbered"
219,"München-Süd",2017,9,FALSE,FALSE,TRUE,"renumbered"
220,"München-West/Mitte",2017,9,FALSE,FALSE,TRUE,"renumbered"
221,"München-Land",2017,9,FALSE,TRUE,TRUE,"eligible_changed|renumbered"
222,"Rosenheim",2017,9,FALSE,FALSE,TRUE,"renumbered"
223,"Bad Tölz-Wolfratshausen – Miesbach",2017,9,TRUE,FALSE,FALSE,"new_name"
224,"Starnberg – Landsberg am Lech",2017,9,TRUE,FALSE,FALSE,"new_name"
226,"Weilheim",2017,9,FALSE,TRUE,FALSE,"eligible_changed"
227,"Deggendorf",2017,9,FALSE,TRUE,FALSE,"eligible_changed"
228,"Landshut",2017,9,FALSE,TRUE,FALSE,"eligible_changed"
229,"Passau",2017,9,FALSE,TRUE,FALSE,"eligible_changed"
230,"Rottal-Inn",2017,9,FALSE,TRUE,FALSE,"eligible_changed"
238,"Coburg",2017,9,FALSE,TRUE,FALSE,"eligible_changed"
239,"Hof",2017,9,FALSE,TRUE,FALSE,"eligible_changed"
260,"Böblingen",2017,8,FALSE,TRUE,FALSE,"eligible_changed"
265,"Ludwigsburg",2017,8,FALSE,TRUE,FALSE,"eligible_changed"
268,"Schwäbisch Hall – Hohenlohe",2017,8,TRUE,FALSE,FALSE,"new_name"
269,"Backnang – Schwäbisch Gmünd",2017,8,TRUE,FALSE,FALSE,"new_name"
270,"Aalen – Heidenheim",2017,8,TRUE,FALSE,FALSE,"new_name"
276,"Odenwald – Tauber",2017,8,TRUE,FALSE,FALSE,"new_name"
278,"Bruchsal – Schwetzingen",2017,8,TRUE,FALSE,FALSE,"new_name"
282,"Lörrach – Müllheim",2017,8,TRUE,FALSE,FALSE,"new_name"
283,"Emmendingen – Lahr",2017,8,TRUE,FALSE,FALSE,"new_name"
285,"Rottweil – Tuttlingen",2017,8,TRUE,FALSE,FALSE,"new_name"
295,"Zollernalb – Sigmaringen",2017,8,TRUE,FALSE,FALSE,"new_name"
60,"Brandenburg an der Havel – Potsdam-Mittelmark I – Havelland III – Teltow-Fläming I",2021,12,FALSE,TRUE,FALSE,"eligible_changed"
61,"Potsdam – Potsdam-Mittelmark II – Teltow-Fläming II",2021,12,FALSE,TRUE,FALSE,"eligible_changed"
135,"Lippe I",2021,5,FALSE,TRUE,FALSE,"eligible_changed"
136,"Höxter – Gütersloh III – Lippe II",2021,5,TRUE,FALSE,FALSE,"new_name"
137,"Paderborn",2021,5,TRUE,FALSE,FALSE,"new_name"
190,"Eisenach – Wartburgkreis – Unstrut-Hainich-Kreis",2021,16,FALSE,TRUE,FALSE,"eligible_changed"
192,"Gotha – Ilm-Kreis",2021,16,FALSE,TRUE,FALSE,"eligible_changed"
195,"Saalfeld-Rudolstadt – Saale-Holzland-Kreis – Saale-Orla-Kreis",2021,16,FALSE,TRUE,FALSE,"eligible_changed"
196,"Suhl – Schmalkalden-Meiningen – Hildburghausen – Sonneberg",2021,16,FALSE,TRUE,FALSE,"eligible_changed"
228,"Landshut",2021,9,FALSE,TRUE,FALSE,"eligible_changed"
230,"Rottal-Inn",2021,9,FALSE,TRUE,FALSE,"eligible_changed"
233,"Regensburg",2021,9,FALSE,TRUE,FALSE,"eligible_changed"
234,"Schwandorf",2021,9,FALSE,TRUE,FALSE,"eligible_changed"
242,"Erlangen",2021,9,FALSE,TRUE,FALSE,"eligible_changed"
243,"Fürth",2021,9,FALSE,TRUE,FALSE,"eligible_changed"
253,"Augsburg-Land",2021,9,FALSE,TRUE,FALSE,"eligible_changed"
254,"Donau-Ries",2021,9,FALSE,TRUE,FALSE,"eligible_changed"
52,"Goslar – Northeim – Göttingen II",2025,3,TRUE,FALSE,FALSE,"new_name"
53,"Göttingen I",2025,3,TRUE,FALSE,FALSE,"new_name"
62,"Dahme-Spreewald – Teltow-Fläming III",2025,12,TRUE,FALSE,FALSE,"new_name"
65,"Elbe-Elster – Oberspreewald-Lausitz",2025,12,TRUE,FALSE,FALSE,"new_name"
66,"Altmark – Jerichower Land",2025,15,TRUE,FALSE,FALSE,"new_name"
67,"Börde – Salzlandkreis",2025,15,TRUE,FALSE,FALSE,"new_name"
70,"Anhalt – Dessau – Wittenberg",2025,15,TRUE,FALSE,FALSE,"new_name"
71,"Halle",2025,15,FALSE,TRUE,TRUE,"eligible_changed|renumbered"
72,"Burgenland – Saalekreis",2025,15,FALSE,TRUE,TRUE,"eligible_changed|renumbered"
73,"Mansfeld",2025,15,FALSE,TRUE,TRUE,"eligible_changed|renumbered"
74,"Berlin-Mitte",2025,11,FALSE,TRUE,TRUE,"eligible_changed|renumbered"
75,"Berlin-Pankow",2025,11,FALSE,TRUE,TRUE,"eligible_changed|renumbered"
76,"Berlin-Reinickendorf",2025,11,FALSE,TRUE,TRUE,"eligible_changed|renumbered"
77,"Berlin-Spandau – Charlottenburg Nord",2025,11,FALSE,TRUE,TRUE,"eligible_changed|renumbered"
78,"Berlin-Steglitz-Zehlendorf",2025,11,FALSE,TRUE,TRUE,"eligible_changed|renumbered"
79,"Berlin-Charlottenburg-Wilmersdorf",2025,11,FALSE,TRUE,TRUE,"eligible_changed|renumbered"
80,"Berlin-Tempelhof-Schöneberg",2025,11,FALSE,TRUE,TRUE,"eligible_changed|renumbered"
81,"Berlin-Neukölln",2025,11,FALSE,TRUE,TRUE,"eligible_changed|renumbered"
82,"Berlin-Friedrichshain-Kreuzberg – Prenzlauer Berg Ost",2025,11,FALSE,TRUE,TRUE,"eligible_changed|renumbered"
83,"Berlin-Treptow-Köpenick",2025,11,FALSE,TRUE,TRUE,"eligible_changed|renumbered"
84,"Berlin-Marzahn-Hellersdorf",2025,11,FALSE,TRUE,TRUE,"eligible_changed|renumbered"
85,"Berlin-Lichtenberg",2025,11,FALSE,TRUE,TRUE,"eligible_changed|renumbered"
86,"Aachen I",2025,5,FALSE,FALSE,TRUE,"renumbered"
87,"Aachen II",2025,5,FALSE,FALSE,TRUE,"renumbered"
88,"Heinsberg",2025,5,FALSE,FALSE,TRUE,"renumbered"
89,"Düren",2025,5,FALSE,FALSE,TRUE,"renumbered"
90,"Rhein-Erft-Kreis I",2025,5,FALSE,FALSE,TRUE,"renumbered"
91,"Euskirchen – Rhein-Erft-Kreis II",2025,5,FALSE,FALSE,TRUE,"renumbered"
92,"Köln I",2025,5,FALSE,FALSE,TRUE,"renumbered"
93,"Köln II",2025,5,FALSE,FALSE,TRUE,"renumbered"
94,"Köln III",2025,5,FALSE,FALSE,TRUE,"renumbered"
95,"Bonn",2025,5,FALSE,FALSE,TRUE,"renumbered"
96,"Rhein-Sieg-Kreis I",2025,5,FALSE,FALSE,TRUE,"renumbered"
97,"Rhein-Sieg-Kreis II",2025,5,FALSE,FALSE,TRUE,"renumbered"
98,"Oberbergischer Kreis",2025,5,FALSE,FALSE,TRUE,"renumbered"
99,"Rheinisch-Bergischer Kreis",2025,5,FALSE,FALSE,TRUE,"renumbered"
100,"Leverkusen – Köln IV",2025,5,FALSE,FALSE,TRUE,"renumbered"
101,"Wuppertal I",2025,5,FALSE,FALSE,TRUE,"renumbered"
102,"Solingen – Remscheid – Wuppertal II",2025,5,FALSE,FALSE,TRUE,"renumbered"
103,"Mettmann I",2025,5,FALSE,FALSE,TRUE,"renumbered"
104,"Mettmann II",2025,5,FALSE,FALSE,TRUE,"renumbered"
105,"Düsseldorf I",2025,5,FALSE,FALSE,TRUE,"renumbered"
106,"Düsseldorf II",2025,5,FALSE,FALSE,TRUE,"renumbered"
107,"Neuss I",2025,5,FALSE,FALSE,TRUE,"renumbered"
108,"Mönchengladbach",2025,5,FALSE,FALSE,TRUE,"renumbered"
109,"Krefeld I – Neuss II",2025,5,FALSE,FALSE,TRUE,"renumbered"
110,"Viersen",2025,5,FALSE,FALSE,TRUE,"renumbered"
111,"Kleve",2025,5,FALSE,FALSE,TRUE,"renumbered"
112,"Wesel I",2025,5,FALSE,FALSE,TRUE,"renumbered"
113,"Krefeld II – Wesel II",2025,5,FALSE,FALSE,TRUE,"renumbered"
114,"Duisburg I",2025,5,FALSE,FALSE,TRUE,"renumbered"
115,"Duisburg II",2025,5,FALSE,FALSE,TRUE,"renumbered"
116,"Oberhausen – Wesel III",2025,5,FALSE,FALSE,TRUE,"renumbered"
117,"Mülheim – Essen I",2025,5,FALSE,FALSE,TRUE,"renumbered"
118,"Essen II",2025,5,FALSE,FALSE,TRUE,"renumbered"
119,"Essen III",2025,5,FALSE,FALSE,TRUE,"renumbered"
120,"Recklinghausen I",2025,5,FALSE,FALSE,TRUE,"renumbered"
121,"Recklinghausen II",2025,5,FALSE,FALSE,TRUE,"renumbered"
122,"Gelsenkirchen",2025,5,FALSE,FALSE,TRUE,"renumbered"
123,"Steinfurt I – Borken I",2025,5,FALSE,FALSE,TRUE,"renumbered"
124,"Bottrop – Recklinghausen III",2025,5,FALSE,FALSE,TRUE,"renumbered"
125,"Borken II",2025,5,FALSE,FALSE,TRUE,"renumbered"
126,"Coesfeld – Steinfurt II",2025,5,FALSE,FALSE,TRUE,"renumbered"
127,"Steinfurt III",2025,5,FALSE,FALSE,TRUE,"renumbered"
128,"Münster",2025,5,FALSE,FALSE,TRUE,"renumbered"
129,"Warendorf",2025,5,FALSE,FALSE,TRUE,"renumbered"
130,"Gütersloh I",2025,5,FALSE,FALSE,TRUE,"renumbered"
131,"Bielefeld – Gütersloh II",2025,5,FALSE,FALSE,TRUE,"renumbered"
132,"Herford – Minden-Lübbecke II",2025,5,FALSE,FALSE,TRUE,"renumbered"
133,"Minden-Lübbecke I",2025,5,FALSE,FALSE,TRUE,"renumbered"
134,"Lippe I",2025,5,FALSE,FALSE,TRUE,"renumbered"
135,"Höxter – Gütersloh III – Lippe II",2025,5,FALSE,FALSE,TRUE,"renumbered"
136,"Paderborn",2025,5,FALSE,FALSE,TRUE,"renumbered"
137,"Hagen – Ennepe-Ruhr-Kreis I",2025,5,FALSE,FALSE,TRUE,"renumbered"
138,"Ennepe-Ruhr-Kreis II",2025,5,FALSE,FALSE,TRUE,"renumbered"
139,"Bochum I",2025,5,FALSE,FALSE,TRUE,"renumbered"
140,"Herne – Bochum II",2025,5,FALSE,FALSE,TRUE,"renumbered"
141,"Dortmund I",2025,5,FALSE,FALSE,TRUE,"renumbered"
142,"Dortmund II",2025,5,FALSE,FALSE,TRUE,"renumbered"
143,"Unna I",2025,5,FALSE,FALSE,TRUE,"renumbered"
144,"Hamm – Unna II",2025,5,FALSE,FALSE,TRUE,"renumbered"
145,"Soest",2025,5,FALSE,FALSE,TRUE,"renumbered"
146,"Hochsauerlandkreis",2025,5,FALSE,FALSE,TRUE,"renumbered"
147,"Siegen-Wittgenstein",2025,5,FALSE,FALSE,TRUE,"renumbered"
148,"Olpe – Märkischer Kreis I",2025,5,FALSE,FALSE,TRUE,"renumbered"
149,"Märkischer Kreis II",2025,5,FALSE,FALSE,TRUE,"renumbered"
150,"Nordsachsen",2025,14,FALSE,FALSE,TRUE,"renumbered"
151,"Leipzig I",2025,14,FALSE,FALSE,TRUE,"renumbered"
152,"Leipzig II",2025,14,FALSE,FALSE,TRUE,"renumbered"
153,"Leipzig-Land",2025,14,FALSE,FALSE,TRUE,"renumbered"
154,"Meißen",2025,14,FALSE,FALSE,TRUE,"renumbered"
155,"Bautzen I",2025,14,FALSE,FALSE,TRUE,"renumbered"
156,"Görlitz",2025,14,FALSE,FALSE,TRUE,"renumbered"
157,"Sächsische Schweiz-Osterzgebirge",2025,14,FALSE,FALSE,TRUE,"renumbered"
158,"Dresden I",2025,14,FALSE,FALSE,TRUE,"renumbered"
159,"Dresden II – Bautzen II",2025,14,FALSE,FALSE,TRUE,"renumbered"
160,"Mittelsachsen",2025,14,FALSE,FALSE,TRUE,"renumbered"
161,"Chemnitz",2025,14,FALSE,FALSE,TRUE,"renumbered"
162,"Chemnitzer Umland – Erzgebirgskreis II",2025,14,FALSE,FALSE,TRUE,"renumbered"
163,"Erzgebirgskreis I",2025,14,FALSE,FALSE,TRUE,"renumbered"
164,"Zwickau",2025,14,FALSE,FALSE,TRUE,"renumbered"
165,"Vogtlandkreis",2025,14,FALSE,FALSE,TRUE,"renumbered"
166,"Waldeck",2025,6,FALSE,FALSE,TRUE,"renumbered"
167,"Kassel",2025,6,FALSE,FALSE,TRUE,"renumbered"
168,"Werra-Meißner – Hersfeld-Rotenburg",2025,6,FALSE,FALSE,TRUE,"renumbered"
169,"Schwalm-Eder",2025,6,FALSE,FALSE,TRUE,"renumbered"
170,"Marburg",2025,6,FALSE,FALSE,TRUE,"renumbered"
171,"Lahn-Dill",2025,6,FALSE,FALSE,TRUE,"renumbered"
172,"Gießen",2025,6,FALSE,FALSE,TRUE,"renumbered"
173,"Fulda",2025,6,FALSE,FALSE,TRUE,"renumbered"
174,"Main-Kinzig – Wetterau II – Schotten",2025,6,FALSE,FALSE,TRUE,"renumbered"
175,"Hochtaunus",2025,6,FALSE,FALSE,TRUE,"renumbered"
176,"Wetterau I",2025,6,FALSE,FALSE,TRUE,"renumbered"
177,"Rheingau-Taunus – Limburg",2025,6,FALSE,FALSE,TRUE,"renumbered"
178,"Wiesbaden",2025,6,FALSE,FALSE,TRUE,"renumbered"
179,"Hanau",2025,6,FALSE,FALSE,TRUE,"renumbered"
180,"Main-Taunus",2025,6,FALSE,FALSE,TRUE,"renumbered"
181,"Frankfurt am Main I",2025,6,FALSE,FALSE,TRUE,"renumbered"
182,"Frankfurt am Main II",2025,6,FALSE,FALSE,TRUE,"renumbered"
183,"Groß-Gerau",2025,6,FALSE,FALSE,TRUE,"renumbered"
184,"Offenbach",2025,6,FALSE,FALSE,TRUE,"renumbered"
185,"Darmstadt",2025,6,FALSE,FALSE,TRUE,"renumbered"
186,"Odenwald",2025,6,FALSE,FALSE,TRUE,"renumbered"
187,"Bergstraße",2025,6,FALSE,FALSE,TRUE,"renumbered"
188,"Eichsfeld – Nordhausen – Kyffhäuserkreis",2025,16,FALSE,TRUE,TRUE,"eligible_changed|renumbered"
189,"Eisenach – Wartburgkreis – Unstrut-Hainich-Kreis",2025,16,FALSE,TRUE,TRUE,"eligible_changed|renumbered"
190,"Jena – Sömmerda – Weimarer Land I",2025,16,FALSE,FALSE,TRUE,"renumbered"
191,"Gotha – Ilm-Kreis",2025,16,FALSE,FALSE,TRUE,"renumbered"
192,"Erfurt – Weimar – Weimarer Land II",2025,16,FALSE,FALSE,TRUE,"renumbered"
193,"Gera – Greiz – Altenburger Land",2025,16,FALSE,FALSE,TRUE,"renumbered"
194,"Saalfeld-Rudolstadt – Saale-Holzland-Kreis – Saale-Orla-Kreis",2025,16,FALSE,FALSE,TRUE,"renumbered"
195,"Suhl – Schmalkalden-Meiningen – Hildburghausen – Sonneberg",2025,16,FALSE,FALSE,TRUE,"renumbered"
196,"Neuwied",2025,7,FALSE,FALSE,TRUE,"renumbered"
197,"Ahrweiler",2025,7,FALSE,FALSE,TRUE,"renumbered"
198,"Koblenz",2025,7,FALSE,FALSE,TRUE,"renumbered"
199,"Mosel/Rhein-Hunsrück",2025,7,FALSE,FALSE,TRUE,"renumbered"
200,"Kreuznach",2025,7,FALSE,FALSE,TRUE,"renumbered"
201,"Bitburg",2025,7,FALSE,FALSE,TRUE,"renumbered"
202,"Trier",2025,7,FALSE,FALSE,TRUE,"renumbered"
203,"Montabaur",2025,7,FALSE,FALSE,TRUE,"renumbered"
204,"Mainz",2025,7,FALSE,FALSE,TRUE,"renumbered"
205,"Worms",2025,7,FALSE,FALSE,TRUE,"renumbered"
206,"Ludwigshafen/Frankenthal",2025,7,FALSE,FALSE,TRUE,"renumbered"
207,"Neustadt – Speyer",2025,7,FALSE,FALSE,TRUE,"renumbered"
208,"Kaiserslautern",2025,7,FALSE,FALSE,TRUE,"renumbered"
209,"Pirmasens",2025,7,FALSE,FALSE,TRUE,"renumbered"
210,"Südpfalz",2025,7,FALSE,FALSE,TRUE,"renumbered"
211,"Altötting",2025,9,FALSE,FALSE,TRUE,"renumbered"
212,"Erding – Ebersberg",2025,9,FALSE,FALSE,TRUE,"renumbered"
213,"Freising",2025,9,FALSE,FALSE,TRUE,"renumbered"
214,"Fürstenfeldbruck",2025,9,FALSE,FALSE,TRUE,"renumbered"
215,"Ingolstadt",2025,9,FALSE,FALSE,TRUE,"renumbered"
216,"München-Nord",2025,9,FALSE,FALSE,TRUE,"renumbered"
217,"München-Ost",2025,9,FALSE,FALSE,TRUE,"renumbered"
218,"München-Süd",2025,9,FALSE,FALSE,TRUE,"renumbered"
219,"München-West/Mitte",2025,9,FALSE,FALSE,TRUE,"renumbered"
220,"München-Land",2025,9,FALSE,FALSE,TRUE,"renumbered"
221,"Rosenheim",2025,9,FALSE,FALSE,TRUE,"renumbered"
222,"Bad Tölz-Wolfratshausen – Miesbach",2025,9,FALSE,FALSE,TRUE,"renumbered"
223,"Starnberg – Landsberg am Lech",2025,9,FALSE,FALSE,TRUE,"renumbered"
224,"Traunstein",2025,9,FALSE,FALSE,TRUE,"renumbered"
225,"Weilheim",2025,9,FALSE,FALSE,TRUE,"renumbered"
226,"Deggendorf",2025,9,FALSE,FALSE,TRUE,"renumbered"
227,"Landshut",2025,9,FALSE,FALSE,TRUE,"renumbered"
228,"Passau",2025,9,FALSE,FALSE,TRUE,"renumbered"
229,"Rottal-Inn",2025,9,FALSE,FALSE,TRUE,"renumbered"
230,"Straubing",2025,9,FALSE,FALSE,TRUE,"renumbered"
231,"Amberg",2025,9,FALSE,FALSE,TRUE,"renumbered"
232,"Regensburg",2025,9,FALSE,FALSE,TRUE,"renumbered"
233,"Schwandorf",2025,9,FALSE,FALSE,TRUE,"renumbered"
234,"Weiden",2025,9,FALSE,FALSE,TRUE,"renumbered"
235,"Bamberg",2025,9,FALSE,FALSE,TRUE,"renumbered"
236,"Bayreuth",2025,9,FALSE,FALSE,TRUE,"renumbered"
237,"Coburg",2025,9,FALSE,FALSE,TRUE,"renumbered"
238,"Hof",2025,9,FALSE,FALSE,TRUE,"renumbered"
239,"Kulmbach",2025,9,FALSE,FALSE,TRUE,"renumbered"
240,"Ansbach",2025,9,FALSE,FALSE,TRUE,"renumbered"
241,"Erlangen",2025,9,FALSE,FALSE,TRUE,"renumbered"
242,"Fürth",2025,9,FALSE,FALSE,TRUE,"renumbered"
243,"Nürnberg-Nord",2025,9,FALSE,FALSE,TRUE,"renumbered"
244,"Nürnberg-Süd",2025,9,FALSE,FALSE,TRUE,"renumbered"
245,"Roth",2025,9,FALSE,FALSE,TRUE,"renumbered"
246,"Aschaffenburg",2025,9,FALSE,FALSE,TRUE,"renumbered"
247,"Bad Kissingen",2025,9,FALSE,FALSE,TRUE,"renumbered"
248,"Main-Spessart",2025,9,FALSE,FALSE,TRUE,"renumbered"
249,"Schweinfurt",2025,9,FALSE,FALSE,TRUE,"renumbered"
250,"Würzburg",2025,9,FALSE,FALSE,TRUE,"renumbered"
251,"Augsburg-Stadt",2025,9,FALSE,TRUE,TRUE,"eligible_changed|renumbered"
252,"Augsburg-Land",2025,9,FALSE,TRUE,TRUE,"eligible_changed|renumbered"
253,"Donau-Ries",2025,9,FALSE,TRUE,TRUE,"eligible_changed|renumbered"
254,"Neu-Ulm",2025,9,FALSE,TRUE,TRUE,"eligible_changed|renumbered"
255,"Memmingen – Unterallgäu",2025,9,TRUE,FALSE,FALSE,"new_name"
257,"Ostallgäu",2025,9,FALSE,TRUE,FALSE,"eligible_changed"
